id,loanAmnt,term,interestRate,installment,grade,subGrade,employmentTitle,employmentLength,homeOwnership,annualIncome,verificationStatus,issueDate,purpose,postCode,regionCode,dti,delinquency_2years,ficoRangeLow,ficoRangeHigh,openAcc,pubRec,pubRecBankruptcies,revolBal,revolUtil,totalAcc,initialListStatus,applicationType,earliesCreditLine,title,policyCode,n0,n1,n2,n3,n4,n5,n6,n7,n8,n9,n10,n11,n12,n13,n14
800000,14000,3,10.99,458.28,B,B3,7027,10+ years,0,80000,0,2014/7/1,0,163,21,10.56,1,715,719,17,0,0,9846,30.7,29,0,0,Nov-74,0,1,1,4,6,6,6,8,4,15,19,6,17,0,0,1,3
800001,20000,5,14.65,472.14,C,C5,60426,10+ years,0,50000,0,2015/7/1,2,235,8,21.4,2,670,674,5,0,0,8946,56.6,14,0,0,Jul-01,5,1,2,1,3,3,1,1,3,3,9,3,5,0,0,2,2
800002,12000,3,19.99,445.91,D,D4,23547,2 years,1,60000,2,2016/10/1,0,526,20,33.5,0,710,714,12,0,0,970,17.6,43,1,0,Aug-06,0,1,0,1,4,4,1,1,36,5,6,4,12,0,0,0,7
800003,17500,5,14.31,410.02,C,C4,636,4 years,0,37000,1,2014/11/1,4,248,11,13.95,0,685,689,10,1,1,10249,52.3,18,0,0,Jul-02,4,1,0,2,2,2,4,7,2,8,14,2,10,0,0,0,3
800004,35000,3,17.09,1249.42,D,D1,368446,< 1 year,1,80000,1,2017/10/1,0,115,8,24.97,0,685,689,19,0,0,33199,35.6,22,0,0,Dec-00,0,1,0,8,11,11,9,11,3,16,18,11,19,0,0,0,1
800005,16000,3,5.32,481.84,A,A1,236,10+ years,0,90000,0,2017/5/1,0,480,8,15.28,0,775,779,17,0,0,6207,12.1,35,0,0,Jul-00,0,1,0,3,5,5,8,14,6,13,25,5,17,0,0,0,3
800006,25000,5,14.99,594.62,C,C4,13,10+ years,1,126500,2,2016/11/1,0,310,24,22.94,0,720,724,14,0,0,31465,40.3,25,0,0,Jan-98,0,1,0,5,7,7,6,6,6,10,17,7,14,0,0,0,1
800007,4500,3,7.35,139.67,A,A4,3403,6 years,0,50000,0,2017/10/1,4,81,15,13.32,0,750,754,8,0,0,5200,22.1,17,1,1,Feb-07,4,1,0,3,3,3,4,6,8,4,8,3,8,0,0,0,1
800008,12000,5,16.55,295.34,D,D2,346,3 years,1,58000,1,2015/10/1,0,138,0,23.17,2,680,684,14,0,0,1382,18.2,29,0,0,May-04,0,1,1,4,4,4,4,5,21,5,8,4,14,0,0,0,4
800009,16500,3,7.69,514.7,A,A4,8103,10+ years,0,140000,0,2014/8/1,4,76,26,13.93,0,715,719,10,0,0,16924,75.6,28,0,0,Sep-92,4,1,2,2,4,4,2,7,10,4,13,4,10,0,0,0,3
800010,15000,3,19.99,557.38,D,D4,1,3 years,0,90000,1,2016/8/1,0,209,21,15.73,0,670,674,9,1,0,5297,53.5,17,0,0,Feb-07,0,1,2,3,4,4,3,3,8,6,7,4,9,0,0,0,6
800011,18000,3,15.05,624.42,C,C4,114872,< 1 year,1,38880,1,2017/9/1,0,324,10,34.94,0,660,664,15,0,0,16725,51.3,41,0,0,Dec-03,0,1,0,6,9,9,8,11,17,13,24,9,15,0,0,0,4
800012,20000,5,24.7,583.52,G,G1,289575,< 1 year,1,75000,2,2013/7/1,1,51,13,8.59,0,710,714,8,0,0,28744,66,35,1,0,Jun-00,1701,1,0,2,2,2,6,30,2,7,33,2,8,0,0,0,1
800013,15000,3,17.27,536.81,C,C5,289299,6 years,1,65000,0,2013/7/1,4,74,30,22.53,0,665,669,8,0,0,21508,63.1,13,1,0,Dec-98,4,1,0,4,5,5,5,7,4,7,9,5,8,0,0,0,0
800014,16000,3,15.31,557.08,C,C2,326831,2 years,0,61800,1,2012/11/1,0,495,14,14.29,1,675,679,10,0,0,16956,62.3,39,1,0,Jan-87,0,1,3,4,7,7,5,14,7,9,25,7,10,0,0,1,1
800015,15000,3,5.32,451.73,A,A1,54,,1,52500,0,2016/8/1,0,219,21,28.98,0,705,709,16,0,0,27712,50.8,22,0,0,Aug-83,0,1,0,9,9,9,11,13,3,13,17,9,16,0,0,0,1
800016,10000,3,12.62,335.12,C,C1,118198,1 year,1,40000,0,2017/8/1,4,451,36,12.93,0,685,689,9,0,0,2925,16.3,19,0,0,Mar-06,4,1,4,4,5,5,4,5,11,7,8,5,9,0,0,0,4
800017,16000,3,12.29,533.65,C,C1,54,,0,71000,2,2015/8/1,0,48,10,2.21,0,725,729,1,0,0,5453,99.1,7,1,0,Mar-02,0,1,0,1,1,1,1,1,2,1,3,1,1,0,0,0,0
800018,12000,3,6.24,366.37,A,A2,9,10+ years,1,98000,0,2015/9/1,0,138,0,14.65,0,725,729,6,0,0,32931,44.6,15,0,0,Oct-86,0,1,0,5,5,5,5,7,3,5,8,5,6,0,0,0,0
800019,23025,3,14.46,792.1,C,C4,132,4 years,2,48000,0,2016/3/1,0,162,2,24.81,0,705,709,16,0,0,17446,49.7,28,1,0,Aug-05,0,1,0,9,10,10,12,13,7,14,20,10,16,0,0,0,2
800020,30000,3,8.18,942.59,B,B1,218,10+ years,0,105000,1,2015/8/1,4,227,35,23.45,1,705,709,15,0,0,39931,77.4,31,0,0,Apr-77,4,1,0,7,8,8,9,20,4,12,26,8,15,0,0,0,3
800021,5000,3,11.39,164.62,B,B3,19,4 years,0,55000,1,2016/11/1,0,237,32,10.17,0,715,719,6,0,0,4660,64.7,7,1,0,Jun-06,0,1,0,1,2,2,2,2,2,4,4,2,6,0,0,0,1
800022,12325,3,17.57,442.93,D,D4,191492,10+ years,0,40000,0,2014/7/1,0,359,43,29.01,0,700,704,10,0,0,6895,55.2,19,1,0,Nov-04,0,1,0,2,4,4,3,4,4,7,9,4,10,0,0,0,2
800023,20000,3,6.68,614.62,A,A3,96728,10+ years,0,63000,1,2015/3/1,4,338,4,34.9,1,730,734,18,0,0,23949,62.2,34,0,0,Apr-02,4,1,0,2,4,4,3,3,25,5,5,4,18,0,0,0,2
800024,8000,3,16.99,285.19,D,D1,1870,10+ years,0,55000,0,2016/8/1,10,407,10,21.91,2,670,674,8,0,0,2276,36.1,16,1,0,Jun-05,11,1,0,2,3,3,2,2,10,5,6,3,8,0,0,0,4
800025,12000,5,11.99,266.88,C,C1,11234,5 years,0,95000,0,2016/1/1,4,91,7,16.04,0,695,699,10,0,0,31115,60.3,38,0,0,Dec-91,4,1,0,3,5,5,5,10,4,8,28,5,10,0,0,0,3
800026,25000,3,6.97,771.59,A,A3,127213,10+ years,0,105000,0,2016/6/1,4,267,27,19.22,0,720,724,13,0,0,50606,52,26,0,0,Apr-87,4,1,0,5,6,6,6,8,7,10,14,6,13,0,0,0,1
800027,21000,3,10.99,687.42,B,B4,355022,10+ years,0,81000,1,2016/9/1,0,235,8,18.26,1,690,694,12,0,0,20547,55.4,17,0,0,Dec-90,0,1,0,2,6,6,2,2,4,9,10,6,12,0,0,0,1
800028,18000,5,21,486.97,E,E1,258781,10+ years,0,110000,1,2013/11/1,5,134,8,12.59,0,670,674,9,0,0,15681,85.7,21,1,0,Jun-06,173,1,0,3,6,6,3,5,7,6,11,6,9,0,0,0,2
800029,20000,3,11.49,659.43,B,B5,123377,2 years,1,75000,0,2017/5/1,0,255,9,17.04,0,705,709,10,0,0,20650,41.4,34,0,0,Nov-97,0,1,0,4,7,7,4,16,3,8,29,7,10,0,0,0,4
800030,14000,3,7.35,434.53,A,A4,16945,3 years,0,60000,0,2017/7/1,2,235,8,5.14,0,750,754,12,0,0,7574,17.3,16,0,0,Mar-13,5,1,0,5,7,7,7,10,1,11,14,7,12,0,0,0,4
800031,7000,3,7.35,217.27,A,A4,54,,0,35000,1,2017/12/1,4,636,27,7.96,0,680,684,8,1,0,6689,35.4,12,0,0,Sep-93,4,1,1,2,3,3,4,7,0,7,11,3,8,0,0,0,1
800032,18000,3,9.67,578.03,B,B1,22992,5 years,1,104000,0,2013/11/1,4,70,32,7,0,705,709,13,0,0,25739,57.6,27,1,0,Jun-03,300,1,0,9,10,10,12,24,0,13,27,10,13,0,0,0,2
800033,6000,3,8.39,189.1,B,B1,2251,10+ years,1,62000,1,2016/2/1,4,225,18,25.05,0,685,689,12,1,0,6387,33.1,15,0,0,Feb-04,4,1,1,5,6,6,6,6,4,10,10,6,12,0,0,0,3
800034,20700,5,30.99,682.36,G,G5,34366,8 years,1,45000,2,2017/10/1,0,10,8,21.97,0,690,694,8,1,1,17557,46.9,10,0,0,Nov-91,0,1,1,5,6,6,5,5,1,7,8,6,8,0,0,0,0
800035,16000,5,15.61,385.79,D,D1,35164,10+ years,2,78000,0,2015/10/1,0,265,7,33.86,2,705,709,36,0,0,36434,57.8,54,1,0,Jan-83,0,1,2,9,23,23,10,14,9,32,44,24,36,0,0,2,7
800036,17000,3,6.99,524.84,A,A3,8125,10+ years,1,44125,0,2015/1/1,0,230,2,15.75,0,815,819,9,0,0,4403,8.3,17,1,0,Mar-88,0,1,0,2,2,2,7,11,3,8,14,2,9,0,0,0,1
800037,20000,3,11.47,659.24,B,B5,161,3 years,0,95000,1,2016/4/1,0,517,14,14.29,3,660,664,15,0,0,19397,55.7,41,0,0,Sep-98,2,1,0,4,6,6,4,13,7,10,29,6,15,0,0,0,2
800038,24000,3,9.16,764.99,B,B2,374,4 years,1,73000,1,2016/3/1,0,162,2,17.64,0,675,679,9,0,0,19788,72.2,17,0,0,Mar-99,2,1,1,4,6,6,5,5,5,7,10,6,9,0,0,0,0
800039,5000,3,10.42,162.33,B,B3,6347,10+ years,1,35000,0,2017/6/1,5,141,13,7.89,0,665,669,3,0,0,2110,95.9,7,0,0,Jun-06,6,1,0,2,2,2,2,5,2,2,5,2,3,0,0,0,0
800040,8500,3,15.77,297.88,D,D1,54,,1,14000,2,2016/1/1,0,610,35,129.25,0,660,664,7,2,1,4975,51.3,19,0,1,Sep-06,0,1,1,2,3,3,2,3,11,4,6,3,7,0,0,0,3
800041,13000,3,11.44,428.32,B,B4,67665,10+ years,2,48000,0,2015/1/1,2,63,14,22.13,1,675,679,14,0,0,6979,39.4,22,1,0,Mar-00,5,1,0,2,7,7,2,2,8,12,13,7,14,0,0,0,4
800042,12000,3,5.42,361.92,A,A1,228484,7 years,0,172000,1,2011/7/1,8,4,3,1.06,0,805,809,11,0,0,10319,10.3,34,1,0,Feb-92,899,1,,,,,,,,,,,,,,,
800043,15000,3,12.69,503.18,C,C2,54,,0,165000,0,2015/7/1,9,129,30,13.06,1,680,684,22,0,0,27074,34.9,40,0,0,Dec-03,10,1,0,9,12,12,12,15,12,18,23,12,22,0,0,0,3
800044,10200,3,7.69,318.18,A,A4,1086,< 1 year,1,24000,0,2014/8/1,0,70,32,11.45,0,705,709,22,0,0,9402,37.9,41,1,0,Aug-02,0,1,0,3,3,3,3,4,32,7,9,3,22,0,0,0,0
800045,35000,5,10.91,759.42,B,B4,6788,10+ years,0,228000,1,2017/9/1,0,871,49,9.97,0,720,724,15,0,0,50542,84,32,0,0,Jul-90,0,1,0,9,9,9,12,12,12,9,18,6,14,,0,0,0
800046,15000,3,11.67,495.86,B,B4,23665,10+ years,0,56000,0,2014/7/1,4,791,14,17.38,0,660,664,13,0,0,9349,62.3,28,1,0,Feb-95,4,1,0,1,6,6,2,5,10,10,14,6,13,0,0,0,4
800047,6000,3,11.49,197.83,B,B5,1525,1 year,0,60000,1,2016/11/1,0,196,14,22.44,0,700,704,5,1,0,4322,67.5,5,1,0,Nov-12,0,1,0,2,2,2,2,2,2,3,3,2,5,0,0,0,1
800048,8000,3,8.18,251.36,B,B1,161,3 years,0,63000,2,2015/11/1,0,224,3,18.07,0,710,714,30,0,0,10136,13.4,56,0,0,Jun-99,0,1,0,11,18,18,15,24,7,28,48,18,30,0,0,0,12
800049,21000,3,16.55,744.02,D,D2,98003,10+ years,2,60000,2,2015/2/1,0,418,45,9.32,0,660,664,13,0,0,18742,69.4,25,1,0,Dec-97,0,1,0,5,8,8,5,11,0,13,23,8,13,0,0,0,3
800050,25000,3,15.99,878.81,C,C5,105,1 year,1,126000,2,2017/1/1,0,38,21,15.58,0,665,669,12,0,0,26957,95.3,17,1,0,Feb-07,0,1,0,7,10,10,7,9,3,10,14,10,12,0,0,0,2
800051,18000,3,9.99,580.73,B,B3,62675,2 years,1,80000,1,2015/7/1,4,72,10,17.37,0,665,669,9,3,0,10879,53.9,20,1,0,Jun-89,4,1,1,6,6,6,6,7,9,6,9,6,9,0,0,0,5
800052,25000,3,6.89,770.68,A,A3,1388,10+ years,0,60000,2,2015/9/1,2,195,38,2.9,0,730,734,10,0,0,6799,10.5,15,0,0,Feb-89,5,1,0,2,2,2,4,4,0,10,13,2,10,0,0,0,1
800053,26000,5,15.05,619.23,C,C4,54,,0,27700,1,2017/9/1,4,601,44,21.4,0,740,744,4,0,0,160410,70,14,0,1,Nov-74,4,1,0,2,3,3,2,2,1,4,7,3,4,0,0,0,1
800054,24000,5,30.74,787.43,F,F5,147021,9 years,1,65000,1,2017/5/1,0,304,8,18.94,0,725,729,13,0,0,3401,12.1,19,0,0,Jan-08,0,1,0,2,3,3,6,6,3,11,16,3,13,0,0,0,2
800055,10000,3,11.49,329.72,B,B5,15919,10+ years,1,42000,1,2016/10/1,4,74,30,11.52,0,660,664,15,0,0,9327,44.8,20,0,0,Aug-06,4,1,2,3,10,10,5,7,2,15,17,10,15,0,0,0,3
800056,16200,5,25.83,483.41,G,G2,5213,10+ years,0,52000,2,2014/2/1,0,243,13,17.98,1,670,674,13,1,0,17408,83.7,21,1,0,Jan-86,0,1,0,1,11,11,1,5,2,11,17,11,13,0,0,0,2
800057,34000,3,12.99,1145.44,C,C2,2213,7 years,0,133000,2,2016/2/1,0,5,4,26.6,0,685,689,12,0,0,56221,91,32,1,0,May-01,0,1,0,6,7,7,8,8,9,7,20,6,12,,0,0,3
800058,12050,5,22.15,333.84,E,E5,183267,10+ years,1,42000,1,2014/10/1,0,99,8,30.35,0,660,664,11,0,0,17135,84.8,18,0,0,Jun-00,0,1,0,5,9,9,5,6,7,9,11,9,11,0,0,0,2
800059,35000,3,14.46,1204.06,C,C4,56,10+ years,2,170000,2,2016/3/1,0,123,12,30.59,0,700,704,15,0,0,22894,85.7,47,1,0,Jan-82,0,1,1,3,4,4,3,7,25,7,19,4,15,0,0,0,6
800060,15000,5,21.49,409.95,D,D5,105137,9 years,1,54000,2,2016/10/1,0,48,10,32.31,0,695,699,8,0,0,5443,50.9,18,0,1,Apr-06,0,1,1,3,4,4,3,4,9,4,8,4,8,0,0,0,1
800061,15000,3,7.89,469.29,A,A5,20,10+ years,0,92000,0,2015/11/1,0,372,30,16.33,0,730,734,9,0,0,7449,16.7,20,0,0,Nov-98,0,1,2,2,2,2,5,11,4,7,15,2,9,0,0,0,3
800062,31500,3,14.64,1086.42,C,C3,16708,< 1 year,1,270000,1,2014/5/1,4,51,13,2.02,0,745,749,10,0,0,45538,0,27,1,0,Aug-99,4,1,0,1,1,1,3,8,6,6,15,1,10,0,0,0,1
800063,7500,3,18.25,272.09,D,D2,271026,6 years,0,25000,1,2013/9/1,0,174,7,14.4,0,665,669,6,0,0,9182,68.5,20,1,0,Apr-96,0,1,0,2,5,5,2,7,2,5,14,5,6,0,0,0,4
800064,6500,3,8.46,205.07,A,A5,32,8 years,0,73000,0,2018/10/1,0,505,10,16.78,0,745,749,14,0,0,7821,13.7,23,0,0,Sep-00,0,1,0,2,4,4,7,10,3,11,18,4,14,0,0,0,4
800065,1400,3,11.49,46.16,B,B5,2670,8 years,1,70000,2,2016/9/1,7,135,33,11.06,0,665,669,6,1,0,1999,46.5,11,1,0,Jun-01,8,1,0,3,4,4,3,4,3,4,7,4,6,0,0,0,4
800066,25000,5,18.45,640.98,D,D2,54,,0,31200,2,2018/3/1,4,200,22,37.15,0,690,694,9,1,1,26980,68.7,28,0,1,Jan-11,4,1,0,3,6,6,3,7,11,7,14,6,9,0,0,0,3
800067,18000,3,12.49,602.08,B,B5,307,2 years,1,71000,1,2014/7/1,0,447,30,21.35,0,695,699,8,0,0,30469,92.9,16,1,0,Oct-02,0,1,0,3,3,3,4,8,6,6,10,3,8,0,0,0,1
800068,3000,3,10.99,98.21,B,B4,2332,1 year,0,82000,2,2015/10/1,5,762,7,17.27,0,720,724,10,0,0,6010,26.4,11,0,0,Apr-10,6,1,0,4,5,5,4,5,4,5,6,5,10,0,0,0,5
800069,25000,3,7.89,782.15,A,A5,1777,< 1 year,0,135000,1,2016/3/1,0,103,36,11.98,4,670,674,11,0,0,73969,76.4,30,0,0,Jan-90,0,1,1,4,5,5,5,11,5,9,21,5,10,0,0,1,0
800070,35000,3,9.75,1125.25,B,B3,280,10+ years,0,185000,2,2016/6/1,0,139,8,25.13,0,700,704,28,0,0,166129,91,35,1,0,Dec-01,0,1,0,15,20,20,17,17,8,20,25,22,25,,0,0,2
800071,13000,3,6.07,395.9,A,A2,896,2 years,1,62000,0,2018/3/1,4,225,18,6,0,745,749,5,0,0,12747,30.4,8,0,0,May-11,4,1,0,2,2,2,4,6,0,5,8,2,5,0,0,0,0
800072,8000,3,11.58,264.11,B,B3,241566,9 years,1,104000,0,2009/6/1,12,19,14,18.25,0,705,709,10,0,0,57261,84.6,27,1,0,May-95,4313,1,,,,,,,,,,,,,,,
800073,4500,3,10.49,146.24,B,B3,24598,10+ years,1,58265,0,2016/8/1,4,325,30,6.53,0,660,664,7,1,1,4444,55.5,26,0,0,Dec-99,4,1,0,3,3,3,6,7,10,6,12,3,7,0,0,0,3
800074,10000,3,6.07,304.54,A,A2,176,7 years,1,33000,0,2018/2/1,2,643,45,4.98,0,810,814,8,0,0,895,2,19,0,0,Aug-04,5,1,0,1,1,1,5,8,2,7,17,1,8,0,0,0,0
800075,6000,3,9.49,192.17,B,B2,4743,6 years,1,65000,1,2016/8/1,7,7,0,26.7,0,730,734,15,1,0,2701,8.5,21,0,0,Sep-08,8,1,0,4,5,5,7,7,9,12,12,5,15,0,0,0,2
800076,9000,3,6.49,275.81,A,A2,195834,9 years,1,28800,0,2014/6/1,0,227,35,24.29,0,715,719,26,0,0,8850,43.4,50,0,0,Dec-01,0,1,0,3,5,5,3,6,41,6,9,5,26,0,0,0,0
800077,12000,3,15.61,419.58,D,D1,1553,6 years,1,40500,0,2014/7/1,0,506,29,11.56,0,660,664,7,0,0,12313,76,21,1,0,Sep-99,0,1,1,3,6,6,3,7,4,7,14,6,7,0,0,0,2
800078,3000,3,11.99,99.63,C,C1,675,7 years,1,47000,0,2016/3/1,4,599,13,21.22,1,670,674,22,1,1,11200,17.4,46,0,0,Sep-91,2,1,1,5,9,9,8,16,4,20,41,9,22,0,0,0,8
800079,7250,3,16.99,258.45,D,D3,637,10+ years,0,41000,1,2014/7/1,0,292,17,32.52,3,660,664,10,0,0,4687,46,15,1,0,Aug-01,0,1,0,1,5,5,1,1,7,5,6,5,10,0,0,0,0
800080,14000,5,23.4,397.9,E,E5,92149,8 years,1,120000,1,2014/2/1,0,17,13,13.9,0,660,664,6,0,0,6673,105.9,21,1,0,Nov-91,0,1,1,2,3,3,2,5,12,3,8,3,6,0,0,0,2
800081,20000,3,7.12,618.64,A,A3,54,,0,65000,2,2014/8/1,0,167,8,14.33,0,770,774,15,0,0,19497,26.7,24,1,0,May-77,0,1,0,4,6,6,5,6,5,13,16,6,15,0,0,0,2
800082,6500,3,13.99,222.13,C,C3,54,,2,21000,2,2016/10/1,0,340,14,31.37,0,670,674,7,0,0,13136,83.7,11,0,0,Dec-11,0,1,0,5,6,6,5,8,1,6,10,6,7,0,0,0,1
800083,10000,5,20.99,270.48,E,E4,171978,2 years,1,56000,1,2014/12/1,0,656,39,20.92,0,675,679,18,0,0,12078,40.8,26,1,0,Jan-08,0,1,0,4,8,8,5,5,15,11,11,8,18,0,0,0,3
800084,19200,5,21.49,524.74,D,D5,666,10+ years,0,81000,0,2016/10/1,0,521,24,18.81,0,705,709,13,0,0,11205,40,26,0,0,Jul-04,0,1,0,6,6,6,7,14,5,10,18,6,13,0,0,0,1
800085,16000,5,18.25,408.48,D,D3,161,10+ years,2,100000,0,2016/3/1,0,156,18,25.62,0,685,689,15,0,0,18801,48.6,30,0,0,Dec-84,0,1,2,1,3,3,3,6,4,11,24,3,15,0,0,0,2
800086,17000,3,11.53,560.84,B,B5,1917,10+ years,0,55000,1,2015/8/1,0,14,11,11.78,0,670,674,5,0,0,8393,90.2,13,0,0,Apr-04,0,1,0,1,3,3,1,3,4,3,7,3,5,0,0,0,0
800087,12000,3,8.18,377.04,B,B1,74827,4 years,1,90000,0,2015/4/1,4,286,16,10.65,0,665,669,9,0,0,10088,79.4,25,0,0,Oct-99,4,1,2,3,5,5,3,7,6,7,16,5,9,0,0,0,2
800088,8000,3,7.89,250.29,A,A5,5566,5 years,1,30000,1,2016/6/1,0,273,8,25.12,0,705,709,14,0,0,3333,16.3,16,0,0,Sep-11,0,1,0,5,7,7,5,5,2,12,14,7,14,0,0,0,3
800089,2100,3,12.12,69.88,B,B3,54,,0,48000,0,2012/7/1,5,174,7,20.93,0,675,679,9,0,0,11622,66,14,1,0,Dec-94,24762,1,,,,,3,,,,,,9,,,,
800090,19650,5,15.1,468.51,C,C2,49785,< 1 year,0,90000,2,2013/10/1,0,441,9,20.87,0,710,714,14,0,0,19233,68.9,47,1,0,Nov-76,193,1,0,2,6,6,2,6,20,8,21,6,14,0,0,0,2
800091,19800,5,14.99,470.94,C,C5,19,10+ years,2,45000,1,2014/8/1,4,535,17,15.52,0,660,664,9,0,0,13828,58.6,22,0,0,Jun-98,4,1,5,4,8,8,4,10,6,8,14,8,9,0,0,0,3
800092,25000,3,6.03,760.89,A,A1,368,9 years,0,140000,1,2015/1/1,0,5,4,6.29,0,725,729,19,0,0,21348,31.3,33,0,0,Oct-84,0,1,0,6,12,12,7,13,1,17,30,12,19,0,0,0,3
800093,12000,3,8.67,379.76,B,B1,754,1 year,0,97000,0,2015/1/1,4,471,42,12.04,0,710,714,12,0,0,21307,64.6,25,1,0,Aug-96,4,1,0,4,8,8,4,6,8,9,14,8,12,0,0,0,1
800094,14000,3,12.12,465.81,B,B3,266890,10+ years,1,85000,0,2012/8/1,0,433,14,22.1,0,695,699,13,0,0,17933,45.1,46,1,0,Oct-92,0,1,,,,,4,,,,,,13,,,,
800095,21000,3,10.99,687.42,B,B4,490,3 years,0,100000,1,2015/7/1,4,57,9,14.29,0,675,679,8,0,0,43756,62.9,15,1,0,Jan-94,4,1,0,4,5,5,4,7,1,7,12,5,7,0,0,0,1
800096,13000,3,8.67,411.41,B,B1,38,10+ years,1,66850,2,2015/1/1,0,36,13,19.17,0,690,694,10,0,0,17708,69.7,48,1,0,Sep-95,0,1,0,5,7,7,5,8,25,8,21,7,10,0,0,0,0
800097,20000,3,13.49,678.61,C,C2,358789,3 years,1,54000,2,2016/8/1,0,472,3,22,0,690,694,13,0,0,2275,14.8,17,0,0,Mar-06,0,1,0,4,6,6,5,5,5,10,11,6,13,0,0,0,5
800098,10000,5,12.62,225.6,C,C1,139376,10+ years,0,65000,0,2017/6/1,3,545,19,8.18,0,710,714,6,0,0,3226,6.6,11,0,0,Aug-06,3,1,0,5,5,5,5,5,5,5,6,5,6,0,0,0,2
800099,12500,5,15.61,301.4,D,D1,29,4 years,0,66000,0,2014/6/1,0,149,22,25.6,0,715,719,12,0,0,26167,81.8,25,0,0,Jun-89,0,1,0,3,7,7,3,3,8,9,13,7,12,0,0,0,1
800100,6000,3,13.65,204.05,C,C1,11372,10+ years,1,75000,1,2014/3/1,0,111,8,18.82,0,675,679,8,2,0,3631,56.7,14,1,0,Feb-86,0,1,0,3,5,5,3,4,8,5,6,5,8,0,0,0,1
800101,8000,3,10.99,261.88,B,B4,129238,8 years,0,49000,2,2016/7/1,0,79,2,25.67,0,675,679,17,0,0,8668,55.9,25,1,0,Nov-03,0,1,0,4,6,6,4,9,11,8,13,6,17,0,0,0,2
800102,9600,3,10.42,311.67,B,B3,4571,10+ years,0,65000,0,2017/7/1,0,481,0,17.18,0,775,779,11,0,0,9272,15.7,29,1,0,May-99,0,1,0,6,7,7,8,20,5,9,23,7,11,0,0,0,6
800103,12800,3,8.18,402.17,B,B1,3047,3 years,1,44980,1,2015/9/1,0,60,30,30.42,9,665,669,13,0,0,16455,36.6,38,1,0,Sep-96,0,1,8,5,8,8,5,7,18,8,20,8,13,0,0,8,1
800104,4000,3,12.49,133.8,B,B4,2364,10+ years,0,78000,0,2014/3/1,2,261,8,1.77,0,715,719,6,0,0,2931,23.3,13,0,0,Jun-01,5,1,1,1,3,3,1,3,3,5,9,3,6,0,0,0,1
800105,35000,5,12.59,789.04,C,C2,1419,10+ years,1,190000,2,2015/12/1,0,108,21,34,0,680,684,16,0,0,99338,72.9,28,0,0,Feb-01,0,1,0,8,9,9,12,16,3,13,22,9,16,0,0,0,1
800106,5000,3,7.89,156.43,A,A5,73846,4 years,1,53000,1,2015/6/1,8,303,9,20.47,0,720,724,14,0,0,13150,80.2,16,0,0,Nov-01,9,1,0,6,10,10,6,6,3,11,11,10,14,0,0,0,0
800107,20000,5,12.99,454.96,C,C2,162645,< 1 year,0,180000,0,2016/2/1,4,63,14,14.85,2,685,689,15,1,0,27127,82,26,0,0,Mar-88,4,1,0,4,4,4,5,7,8,6,13,4,15,0,0,0,0
800108,22400,3,12.99,754.64,B,B5,5430,8 years,1,135000,1,2014/3/1,0,258,8,14.62,0,670,674,14,0,0,23770,68.9,32,0,0,Feb-95,0,1,0,4,10,10,5,7,8,12,20,10,14,0,0,0,1
800109,28000,5,15.61,675.12,C,C3,515,8 years,0,91850,2,2013/10/1,0,681,10,28.66,0,690,694,24,0,0,27175,57.2,63,1,0,Oct-96,3537,1,0,6,9,9,6,14,39,10,22,9,24,0,0,0,4
800110,15000,5,15.31,359.3,C,C4,17890,8 years,0,82000,1,2014/3/1,0,171,8,24.06,4,680,684,12,0,0,6126,71.2,29,1,0,Jul-94,0,1,1,4,5,5,5,9,12,6,14,5,12,0,0,1,2
800111,5000,3,16.02,175.84,C,C5,1048,2 years,1,28836,1,2017/8/1,0,276,20,32.67,0,665,669,9,0,0,3353,67.1,10,0,0,Apr-11,0,1,0,0,4,4,0,0,5,5,5,4,9,0,0,0,2
800112,7700,3,13.11,259.86,B,B4,307128,2 years,0,51500,0,2013/4/1,0,237,32,3.05,0,675,679,11,0,0,5781,40.1,18,0,0,May-04,23582,1,0,3,4,4,6,8,4,10,13,4,11,0,0,0,3
800113,1000,3,9.44,32.01,B,B1,80532,10+ years,0,75486,0,2017/8/1,5,0,0,18.81,0,740,744,15,0,0,28595,34.7,26,0,0,Nov-99,6,1,0,4,5,5,8,13,6,11,17,5,15,0,0,0,2
800114,9000,3,7.9,281.62,A,A4,4955,1 year,1,44702,1,2014/2/1,4,277,8,27.31,2,715,719,28,0,0,4770,10.1,35,1,0,May-96,4,1,0,2,4,4,9,9,16,16,18,4,28,0,0,0,2
800115,20000,3,8.24,628.95,B,B1,73556,10+ years,0,115000,2,2016/11/1,0,120,21,21.49,0,660,664,30,0,0,19454,38.7,54,0,0,Aug-02,0,1,1,5,7,7,7,13,22,17,29,7,30,0,0,0,8
800116,15000,5,13.67,346.47,C,C3,162189,10+ years,1,49500,1,2016/2/1,0,177,26,17.96,0,735,739,16,0,0,6112,11.2,30,0,0,May-92,0,1,0,8,8,8,13,24,3,14,27,8,16,0,0,0,3
800117,29100,5,20.49,778.93,E,E1,296188,10+ years,2,65000,2,2013/6/1,0,191,5,30.92,1,675,679,15,0,0,37477,60.9,26,1,0,Jan-80,259,1,0,2,9,9,5,7,6,14,17,9,15,0,0,0,1
800118,20000,3,13.35,677.26,C,C2,198384,4 years,0,56000,1,2014/6/1,0,241,7,27.04,4,660,664,10,0,0,13037,83.6,25,0,0,Oct-89,0,1,0,2,4,4,3,8,8,6,14,4,10,0,0,1,1
800119,35000,3,7.24,1084.55,A,A3,9547,10+ years,1,290000,1,2017/1/1,4,606,4,15.62,0,760,764,10,0,0,16290,27.9,25,0,0,Jul-99,4,1,0,4,5,5,5,9,14,6,10,5,10,0,0,0,3
800120,5000,3,11.44,164.74,B,B4,251448,10+ years,1,65000,1,2017/2/1,0,195,38,12.76,1,680,684,6,0,0,2054,24.7,7,0,0,Aug-87,0,1,1,2,2,2,3,4,2,3,4,2,6,0,0,1,1
800121,12000,3,11.53,395.89,B,B5,303,< 1 year,1,75000,1,2015/10/1,0,459,8,9.07,0,690,694,18,0,0,9819,61.4,28,0,0,Jun-03,0,1,0,2,2,2,2,6,17,4,11,2,18,0,0,0,0
800122,8000,3,13.59,271.84,C,C2,675,1 year,1,70000,1,2017/8/1,4,111,8,17.62,0,670,674,10,1,1,10549,31.1,14,1,0,Apr-05,4,1,0,4,5,5,4,6,2,8,11,5,10,0,0,0,3
800123,12000,3,17.57,431.25,D,D4,72,2 years,1,56000,0,2014/6/1,0,625,13,23.94,0,700,704,12,0,0,9713,75.9,14,0,0,Oct-04,0,1,0,3,5,5,3,3,8,5,6,5,12,0,0,0,2
800124,4000,3,13.99,136.7,C,C3,97,5 years,1,80000,1,2016/8/1,0,141,13,25.41,0,700,704,20,0,0,6445,24,27,1,0,Oct-05,0,1,0,5,6,6,6,12,12,9,15,6,20,0,0,0,4
800125,18000,5,12.59,405.79,C,C2,955,10+ years,0,63000,0,2015/12/1,4,636,27,31.64,1,715,719,14,0,0,43290,63.8,53,0,0,Apr-99,4,1,0,1,8,8,2,4,30,10,18,8,14,0,0,0,2
800126,18000,3,15.05,624.42,C,C4,15426,10+ years,0,100000,0,2017/10/1,4,89,3,31.3,2,660,664,16,0,0,11112,44.3,40,0,0,Mar-96,4,1,1,3,6,6,3,6,13,9,23,6,16,0,0,0,1
800127,4000,3,14.99,138.65,C,C5,1473,6 years,0,44000,0,2014/12/1,0,189,9,30.22,0,700,704,11,0,0,25830,80.2,19,0,0,Oct-98,0,1,0,4,7,7,4,6,3,9,15,7,11,0,0,0,2
800128,15000,3,12.74,503.54,C,C1,1682,7 years,0,75000,1,2017/4/1,0,119,0,19.07,0,680,684,14,0,0,12174,58,29,0,0,Apr-05,0,1,7,3,4,4,4,5,16,6,12,4,14,0,0,0,2
800129,6000,3,10.99,196.41,B,B4,4088,< 1 year,1,96500,0,2015/10/1,4,136,8,8.41,0,675,679,12,0,0,9015,39,29,0,0,Dec-03,4,1,0,8,11,11,15,17,4,11,23,9,12,,0,0,5
800130,7200,3,16.29,254.17,D,D1,11435,3 years,0,50000,1,2016/3/1,0,342,21,13.53,0,665,669,15,2,1,14151,56.8,33,0,0,Mar-04,0,1,0,6,10,10,8,12,13,13,20,10,15,0,0,0,6
800131,10000,3,18.55,364.29,D,D4,349030,9 years,2,40000,0,2012/3/1,0,505,10,15.72,0,665,669,5,0,0,8223,91.4,19,1,0,Nov-96,38,1,,,,,,,,,,,,,,,
800132,20000,3,12.29,667.06,C,C1,422,8 years,2,130000,1,2015/2/1,0,402,0,8.84,0,695,699,11,0,0,20045,60.4,21,1,0,Aug-94,0,1,1,1,6,6,1,6,3,7,13,6,11,0,0,0,4
800133,4500,3,7.12,139.2,A,A3,1934,2 years,0,57000,0,2014/7/1,4,406,8,1.41,0,750,754,6,0,0,2398,13,16,0,0,Dec-02,4,1,0,2,4,4,3,9,1,5,14,4,6,0,0,0,3
800134,14000,5,20.39,373.96,D,D4,20540,6 years,0,34000,1,2018/4/1,0,43,19,33.36,1,670,674,10,0,0,11224,80.2,27,0,1,Oct-05,0,1,1,2,4,4,2,3,13,5,12,4,10,0,0,1,1
800135,35000,3,7.39,1086.96,A,A4,14029,10+ years,0,150000,1,2016/6/1,0,764,47,23.08,0,710,714,20,0,0,44667,48,37,1,0,Nov-96,0,1,0,7,8,8,7,13,15,12,19,8,20,0,0,0,2
800136,25000,3,5.32,752.87,A,A1,6013,10+ years,0,80000,1,2016/4/1,0,473,8,23.24,2,745,749,20,0,0,20902,20.8,37,0,1,Sep-97,0,1,0,5,6,6,8,10,9,16,24,6,20,0,0,0,4
800137,20000,5,14.09,466.3,B,B5,334790,10+ years,0,50000,2,2012/10/1,0,420,4,26.54,0,730,734,7,0,0,8390,79.9,17,1,0,Jun-02,283,1,0,2,2,2,2,3,9,4,5,2,7,0,0,0,1
800138,4000,3,24.08,157.1,F,F2,273078,< 1 year,1,26400,1,2013/9/1,10,156,18,13.09,0,685,689,4,0,0,10809,79.5,7,0,0,Jan-00,955,1,0,1,4,4,1,1,0,4,7,4,4,0,0,0,1
800139,12000,5,10.49,257.87,B,B3,3092,10+ years,0,25000,1,2016/7/1,4,677,13,10.08,0,700,704,8,1,1,8305,66.4,13,1,0,Apr-03,4,1,0,3,3,3,3,4,2,8,11,3,8,0,0,0,0
800140,5000,3,9.75,160.75,B,B3,129674,6 years,0,54000,1,2016/5/1,2,35,14,29.06,0,710,714,19,0,0,14508,32.5,30,0,0,Dec-02,5,1,0,4,6,6,5,9,8,15,21,6,19,0,0,0,5
800141,8000,3,14.65,275.96,C,C5,58,8 years,2,59000,0,2015/3/1,0,74,30,16.13,0,670,674,13,0,0,9351,54.4,19,1,0,Oct-03,0,1,0,4,7,7,5,6,5,11,14,7,13,0,0,0,5
800142,30000,5,17.09,747.03,D,D1,1,2 years,0,105000,1,2017/10/1,2,463,8,20.42,0,710,714,12,0,0,14834,30.1,31,0,0,Sep-02,5,1,0,6,7,7,6,7,21,8,10,7,12,0,0,0,2
800143,6000,3,12.49,200.7,B,B5,3162,10+ years,0,60000,1,2014/10/1,2,240,21,10.14,0,660,664,7,2,2,1625,34.6,50,1,0,Jun-99,5,1,3,1,2,2,1,25,3,6,44,2,7,0,0,0,3
800144,1000,3,25.81,40.19,E,E4,139320,2 years,1,27040,2,2018/5/1,5,768,2,14.29,0,670,674,2,1,1,0,0,4,1,0,Sep-03,6,1,0,0,0,0,0,0,2,1,2,0,2,0,0,0,0
800145,10000,3,13.33,338.54,C,C3,143,10+ years,0,60000,1,2015/4/1,0,425,44,20.48,2,665,669,13,0,0,3868,74,20,1,0,Jul-94,0,1,6,2,4,4,2,5,10,4,9,4,13,,0,1,3
800146,12000,3,9.17,382.55,B,B2,52988,< 1 year,1,130000,1,2015/8/1,4,132,12,11.06,0,665,669,13,0,0,30031,62.4,28,1,0,Oct-04,4,1,0,10,10,10,12,22,2,12,26,10,13,0,0,0,0
800147,32000,5,13.35,733.85,C,C2,196745,10+ years,0,150000,2,2014/6/1,0,479,8,13.04,0,750,754,15,0,0,31934,62.6,32,0,0,Jun-84,0,1,0,4,7,7,5,11,5,10,23,8,15,0,0,0,1
800148,16000,3,8.39,504.27,A,A5,723,4 years,1,110000,0,2014/7/1,0,240,21,8.24,0,690,694,11,0,0,19723,87.3,29,1,0,Jun-02,0,1,0,7,8,8,7,11,14,9,15,8,11,0,0,0,0
800149,14400,3,12.74,483.4,C,C1,877,2 years,1,56352,2,2017/1/1,0,240,21,22.06,0,665,669,19,0,0,15971,86.8,23,0,0,May-07,0,1,0,3,10,10,3,4,9,11,14,10,19,0,0,0,4
800150,23000,5,14.09,536.25,B,B5,220082,7 years,2,310000,2,2012/10/1,0,91,7,15.07,0,725,729,10,0,0,23325,83.9,25,0,0,Apr-92,52837,1,0,4,4,4,5,10,8,5,11,4,10,0,0,0,1
800151,14000,3,7.07,432.73,A,A2,43186,10+ years,0,82000,0,2017/9/1,0,480,8,19.14,0,745,749,13,1,1,6397,30.6,20,0,0,Apr-07,0,1,0,3,3,3,3,4,8,5,10,3,13,0,0,0,0
800152,15000,3,10.37,486.62,B,B3,231433,2 years,1,52500,0,2011/4/1,0,271,35,16.87,0,700,704,10,0,0,18746,62.3,27,1,0,Sep-02,38,1,,,,,,,,,,,,,,,
800153,10000,3,8.24,314.48,B,B1,32,7 years,0,55000,0,2017/4/1,4,182,8,6.01,0,675,679,20,1,1,6066,18.7,42,1,0,Aug-05,4,1,3,3,9,9,6,11,6,19,33,9,20,0,0,0,3
800154,17000,5,14.49,399.9,C,C4,15254,1 year,1,85000,1,2016/8/1,0,225,18,22.29,0,685,689,18,0,0,27073,36.3,43,0,0,Sep-04,2,1,0,7,9,9,12,26,11,15,31,9,18,0,0,0,2
800155,28000,3,7.89,876,A,A5,90,10+ years,0,110000,1,2015/8/1,4,209,21,8.31,0,680,684,10,0,0,22454,72.4,23,0,0,Sep-00,4,1,2,3,5,5,3,5,4,8,16,5,10,0,0,0,2
800156,16500,3,12.69,553.49,C,C2,76276,10+ years,0,70000,0,2015/5/1,2,178,23,29.16,0,720,724,8,0,0,33806,88.3,18,0,0,Oct-90,5,1,0,2,4,4,2,6,5,4,8,4,8,0,0,0,1
800157,6000,3,11.99,199.26,B,B5,3899,5 years,0,58000,0,2015/1/1,0,64,14,26.94,1,665,669,11,0,0,13817,55,23,1,0,Mar-01,0,1,0,3,8,8,3,9,3,8,19,8,11,0,0,0,1
800158,15000,3,9.76,482.32,B,B1,348171,4 years,1,76000,2,2012/4/1,4,221,8,16.06,0,730,734,15,0,0,17463,57.1,28,1,0,Dec-85,59698,1,,,,,,,,,,,,,,,
800159,18000,3,10.49,584.96,B,B2,482,5 years,0,130000,1,2016/12/1,0,60,30,33.52,0,735,739,8,0,0,34328,65.5,19,0,0,Jan-94,0,1,0,4,4,4,4,7,9,4,8,4,8,0,0,0,1
800160,34800,3,18.99,1275.46,E,E1,1090,6 years,1,78000,2,2014/9/1,8,91,7,2.89,0,670,674,10,0,0,659,3.8,26,1,0,Aug-99,9,1,6,4,5,5,7,15,3,10,22,5,10,0,0,0,1
800161,6000,3,12.05,199.43,C,C1,6888,9 years,0,35000,1,2015/11/1,0,263,0,7.06,0,700,704,10,1,1,4747,25,17,0,0,Apr-03,0,1,0,4,6,6,4,8,1,9,15,6,10,0,0,0,1
800162,20000,3,12.12,665.44,B,B3,317368,10+ years,1,146000,0,2013/2/1,0,240,21,4.87,0,700,704,5,0,0,23531,84,8,1,0,Jun-99,26008,1,0,3,4,4,3,5,0,5,8,4,5,0,0,0,0
800163,10000,3,8.18,314.2,B,B1,5369,10+ years,0,50000,0,2015/10/1,0,195,38,18.43,0,700,704,11,0,0,4676,42.9,25,0,0,May-95,0,1,1,3,4,4,6,9,9,8,14,4,11,0,0,0,2
800164,1000,3,11.44,32.95,B,B4,54,,1,30000,0,2017/2/1,5,266,31,15.16,0,720,724,11,0,0,10348,35.9,15,1,0,May-94,6,1,0,6,8,8,7,9,0,11,14,8,11,0,0,0,2
800165,5000,3,9.76,160.78,B,B1,273005,6 years,0,48000,0,2012/3/1,4,432,10,5.7,0,705,709,13,0,0,6858,24.8,21,1,0,Jun-97,1063,1,,,,,,,,,,,,,,,
800166,27000,5,19.03,700.85,D,D3,49,< 1 year,1,60000,2,2017/6/1,0,469,27,22.94,0,670,674,21,0,0,24809,49.6,82,0,0,Sep-02,0,1,0,3,4,4,6,11,50,17,30,4,21,0,0,0,2
800167,9600,3,30.79,411.71,G,G1,1972,< 1 year,1,35000,2,2017/6/1,5,648,13,17.22,13,660,664,19,1,0,0,0,22,1,0,Sep-07,6,1,13,0,0,0,3,3,18,3,3,0,19,0,0,13,1
800168,18000,3,7.39,559.01,A,A4,153877,10+ years,0,71000,0,2016/3/1,0,4,3,21.45,0,710,714,14,0,0,18216,67.2,28,0,0,May-99,0,1,0,2,6,6,2,5,8,8,17,6,14,0,0,0,1
800169,38000,3,8.39,1197.64,B,B1,150022,10+ years,2,76000,1,2016/3/1,2,41,25,6.22,0,720,724,15,0,0,11949,17.1,35,0,0,Oct-98,5,1,1,6,9,9,6,10,2,14,32,9,15,0,0,0,0
800170,28000,3,10.49,909.94,B,B3,4607,2 years,1,130000,1,2016/9/1,3,111,8,7.37,0,685,689,11,0,0,49962,58.8,36,1,0,Apr-87,3,1,2,3,4,4,5,10,15,7,19,4,11,0,0,0,2
800171,21000,3,8.39,661.85,A,A5,200428,10+ years,0,58000,1,2014/5/1,0,54,28,13.72,1,680,684,6,0,0,16483,42.2,17,0,0,Aug-99,0,1,0,3,3,3,4,6,7,5,8,3,6,0,0,0,1
800172,15000,3,7.89,469.29,A,A5,151,8 years,2,100000,0,2015/12/1,2,134,8,21.65,0,715,719,7,0,0,17098,80.3,15,0,0,Feb-07,5,1,0,2,3,3,2,3,6,4,7,3,7,0,0,0,1
800173,6000,3,15.31,208.91,C,C5,51841,10+ years,0,44000,2,2016/3/1,0,397,35,28.89,0,700,704,25,1,0,1882,69.7,32,0,0,Mar-07,0,1,0,1,2,2,1,1,28,2,2,2,25,0,0,0,3
800174,5000,3,16.99,178.24,D,D3,29088,10+ years,1,42000,2,2015/11/1,2,394,35,35.03,0,685,689,5,0,0,10332,98,15,1,0,Jun-99,5,1,0,3,3,3,5,6,5,3,9,3,5,,0,0,1
800175,6000,3,13.18,202.69,C,C3,17194,8 years,1,50000,1,2015/11/1,0,196,14,11.26,4,670,674,6,0,0,1783,48.2,35,1,0,Sep-98,0,1,4,3,4,4,3,5,29,4,6,4,6,0,0,2,1
800176,10000,3,16.29,353.01,D,D1,54,,0,55000,2,2016/3/1,2,195,38,22.1,0,665,669,14,0,0,17894,79.2,21,0,0,Nov-03,5,1,0,6,10,10,6,7,4,10,11,10,14,0,0,0,5
800177,12000,3,11.22,394.12,B,B5,7026,10+ years,0,60000,2,2015/12/1,0,342,21,27.34,0,690,694,14,0,0,9395,69.6,34,0,0,Jun-97,0,1,1,3,6,6,4,5,11,8,17,6,14,0,0,0,1
800178,27600,3,9.17,879.86,B,B2,3919,10+ years,0,80472,2,2015/12/1,0,19,14,25.99,0,740,744,9,0,0,23212,52.2,29,0,0,Oct-99,0,1,0,2,3,3,4,15,8,7,20,3,9,0,0,0,0
800179,25000,3,6.08,761.46,A,A2,2298,10+ years,0,215000,0,2018/1/1,2,4,3,21.49,0,710,714,27,0,0,85475,33.7,51,0,1,May-92,5,1,0,9,10,10,14,19,13,23,33,10,27,0,0,0,0
800180,16375,5,16.02,398.39,C,C5,5210,5 years,0,60000,2,2017/8/1,4,340,14,13.54,0,680,684,9,0,0,6679,22.5,13,0,0,Nov-06,4,1,0,2,4,4,2,3,5,6,7,4,9,0,0,0,2
800181,1000,3,14.65,34.5,C,C5,54,,0,42000,2,2015/8/1,2,291,23,20.31,0,710,714,10,0,0,26785,81.7,25,0,0,Dec-99,5,1,0,5,8,8,5,11,5,8,16,8,10,0,0,0,0
800182,31275,5,16.99,777.1,D,D1,54,,1,28000,1,2017/3/1,0,62,13,24.99,0,690,694,5,0,0,2498,24.7,19,0,1,Feb-00,0,1,0,1,3,3,2,9,1,5,18,3,5,0,0,0,1
800183,40000,3,10.99,1309.36,B,B4,4024,5 years,0,100000,2,2016/10/1,0,111,8,8.36,0,745,749,11,1,1,1612,4.1,16,0,0,Oct-05,0,1,0,1,2,2,5,6,1,9,13,2,11,0,0,0,1
800184,4175,3,17.99,150.92,D,D2,3239,2 years,1,52000,1,2016/7/1,0,156,18,2.58,0,680,684,2,0,0,3062,92.8,5,0,0,Dec-09,0,1,0,1,2,2,1,1,0,2,5,2,2,0,0,0,0
800185,13200,3,9.17,420.81,B,B2,80,< 1 year,1,63000,1,2015/10/1,0,134,8,19.6,0,685,689,15,0,0,13945,59.3,30,0,0,Aug-07,0,1,0,4,5,5,4,4,20,6,10,5,15,0,0,0,3
800186,20000,3,9.93,644.69,B,B2,161,4 years,0,90000,2,2018/2/1,0,62,13,20.37,1,730,734,18,0,0,19713,25.3,33,0,0,Oct-03,0,1,1,5,7,7,7,13,8,14,22,7,18,0,0,0,3
800187,4950,3,11.67,163.64,B,B4,200153,9 years,2,20000,0,2014/5/1,4,720,0,8.21,0,670,674,4,0,0,5431,75.4,6,1,0,Dec-08,4,1,0,3,4,4,3,3,1,4,5,4,4,0,0,0,1
800188,16000,3,11.49,527.55,B,B5,371504,10+ years,0,65000,0,2016/12/1,4,510,47,18.93,0,700,704,24,0,0,16457,26.2,43,1,0,Oct-05,4,1,0,5,11,11,7,11,10,18,28,11,24,0,0,0,7
800189,10000,3,7.74,312.19,A,A3,243522,6 years,1,130000,0,2009/11/1,5,74,30,3.56,0,785,789,7,0,0,10184,26.9,19,1,0,Apr-98,17384,1,,,,,,,,,,,,,,,
800190,6400,3,13.35,216.73,C,C2,184,10+ years,1,26000,1,2014/9/1,0,225,18,18.65,0,665,669,9,1,1,5776,93,20,1,0,Jan-89,0,1,0,4,4,4,6,12,6,4,14,4,9,,0,0,1
800191,6000,3,7.97,187.94,A,A5,405,10+ years,0,70000,1,2017/6/1,2,134,8,16.97,0,680,684,5,0,0,1889,36.3,15,0,0,Sep-03,5,1,4,3,3,3,3,7,4,3,11,3,5,0,0,0,2
800192,11050,3,9.99,356.51,B,B3,5032,< 1 year,1,30000,1,2015/10/1,4,106,12,15.12,0,685,689,7,0,0,14107,56.4,10,0,0,Apr-06,4,1,0,2,2,2,3,5,4,3,6,2,7,0,0,0,0
800193,12175,3,16.55,431.36,D,D2,76592,10+ years,0,29000,0,2015/5/1,4,153,11,24.79,0,660,664,22,1,1,14379,60.2,35,0,0,Dec-89,4,1,0,4,16,16,4,7,2,22,32,16,22,0,0,0,4
800194,10000,3,17.56,359.33,D,D1,270018,7 years,0,73000,0,2013/9/1,4,4,3,15.82,0,670,674,10,0,0,6673,84.5,16,0,0,Jun-92,4,1,0,2,4,4,2,5,5,6,9,4,10,0,0,0,4
800195,33750,3,6.99,1041.95,A,A3,695,10+ years,0,87500,2,2015/1/1,4,361,8,14.94,0,705,709,14,0,0,39863,59.1,39,0,0,Sep-97,4,1,0,7,7,7,8,13,8,12,22,7,14,0,0,0,2
800196,16750,3,12.12,557.31,B,B3,268997,3 years,1,42000,2,2012/9/1,0,141,13,30.65,0,705,709,14,0,0,27633,51.1,36,1,0,Aug-99,53455,1,0,6,7,7,8,20,3,13,33,7,14,0,0,0,1
800197,3600,3,16.99,128.34,D,D3,24817,7 years,1,31249,0,2015/5/1,9,792,13,37.98,1,665,669,11,0,0,7807,67.3,28,1,0,Sep-06,10,1,0,1,5,5,1,5,18,6,10,5,11,0,0,0,2
800198,15000,5,14.03,349.26,C,C2,279,10+ years,0,67000,1,2018/6/1,4,62,13,9.96,0,710,714,5,1,1,5917,36.3,19,0,0,Oct-88,4,1,0,2,2,2,2,2,10,3,8,2,5,0,0,0,3
800199,5000,3,8.49,157.82,B,B1,170131,8 years,0,55000,0,2016/1/1,4,401,24,28.82,4,665,669,18,0,0,15108,44,42,0,0,Aug-00,4,1,0,4,13,13,8,8,13,13,28,8,18,,0,4,5
800200,18000,5,15.31,431.16,C,C5,39945,10+ years,0,104000,1,2016/2/1,0,489,30,14.02,2,670,674,18,0,0,19189,42.4,41,0,0,Nov-98,0,1,2,3,7,7,4,11,7,14,31,7,17,0,0,2,7
800201,10400,3,9.17,331.55,B,B2,170015,10+ years,1,48000,0,2016/1/1,0,162,2,14.35,0,730,734,13,0,0,9757,25.6,30,0,0,Aug-04,0,1,0,5,6,6,9,15,13,11,17,6,13,0,0,0,4
800202,18500,5,11.99,411.43,B,B5,230144,8 years,2,40000,2,2011/6/1,5,240,21,22.83,0,730,734,14,0,0,12351,42,24,1,0,Sep-97,3921,1,,,,,,,,,,,,,,,
800203,10675,5,19.53,280.04,D,D5,616,10+ years,0,70000,2,2016/4/1,0,495,14,34.3,0,675,679,19,0,0,18679,58.4,41,0,0,Dec-05,0,1,0,2,7,7,3,4,18,14,21,7,19,0,0,0,6
800204,16500,3,9.17,526.01,B,B2,8957,8 years,2,82639,1,2015/12/1,0,479,8,23.67,2,690,694,8,0,0,20368,42,20,1,0,Dec-01,0,1,0,3,3,3,4,6,9,5,11,4,8,0,0,0,1
800205,11000,5,19.42,287.9,E,E3,224243,5 years,1,62400,1,2011/9/1,8,249,36,23.12,0,660,664,17,0,0,5060,54.4,31,1,0,Dec-98,4503,1,,,,,,,,,,,,,,,
800206,3375,3,10.15,109.14,B,B2,7978,10+ years,0,64480,0,2014/5/1,4,514,13,13.12,0,700,704,6,0,0,2795,50.8,12,1,0,May-88,4,1,1,3,3,3,3,6,4,3,7,3,6,0,0,0,2
800207,8000,3,15.59,279.64,C,C5,15212,4 years,1,53000,1,2016/8/1,4,418,45,20.06,0,665,669,10,1,1,11944,73.3,26,1,0,Oct-06,4,1,0,1,4,4,2,8,9,6,15,4,10,0,0,0,3
800208,8000,3,11.99,265.68,B,B5,162,4 years,1,40000,0,2017/7/1,5,658,10,21.45,0,700,704,7,0,0,10641,36.3,10,0,0,Mar-14,6,1,0,4,6,6,4,5,3,6,7,6,7,0,0,0,2
800209,21000,5,14.65,495.74,C,C5,97,10+ years,0,82000,0,2015/10/1,0,355,18,16.38,1,665,669,12,0,0,55894,95.2,19,1,0,Nov-04,0,1,0,5,8,8,5,6,6,8,10,8,12,0,0,0,0
800210,4800,3,9.17,153.02,B,B2,106,10+ years,2,160000,1,2015/7/1,9,102,26,14.73,2,670,674,15,0,0,70538,93.7,28,0,0,May-92,10,1,0,8,11,11,9,10,7,12,18,11,15,0,0,0,0
800211,30000,5,18.54,770.65,E,E1,101871,9 years,0,146000,1,2015/2/1,0,185,3,19.01,0,695,699,9,0,0,4369,61,17,1,0,Jul-02,0,1,1,5,5,5,5,8,4,5,10,5,9,,0,0,1
800212,20000,5,17.57,503.21,D,D4,32,< 1 year,1,60000,1,2015/3/1,0,51,13,36.88,0,700,704,22,0,0,27263,58,41,1,0,Mar-96,0,1,0,6,12,12,7,15,7,17,30,12,22,0,0,0,3
800213,13000,5,13.99,302.42,C,C4,3402,10+ years,2,42000,1,2015/9/1,0,159,21,25.86,1,660,664,10,0,0,18001,85.3,16,1,0,Feb-01,0,1,0,8,9,9,8,9,4,9,12,9,10,0,0,0,0
800214,7500,3,6.68,230.49,A,A3,184,10+ years,0,100000,1,2015/4/1,9,306,26,1.4,0,820,824,8,0,0,13306,4.4,22,1,0,Feb-82,10,1,0,1,4,4,3,9,4,7,13,4,8,0,0,0,1
800215,24000,3,10.99,785.62,B,B4,26090,4 years,0,80000,1,2015/4/1,4,186,9,12.25,0,675,679,8,0,0,24785,84.6,15,0,0,Mar-01,4,1,0,5,6,6,5,9,2,6,12,6,8,0,0,0,2
800216,17000,3,16.55,602.3,D,D2,2834,< 1 year,1,75000,2,2015/11/1,0,371,7,20.08,0,660,664,5,0,0,8073,80.7,14,0,0,Dec-99,0,1,0,2,3,3,2,4,9,3,5,3,5,0,0,0,5
800217,8000,3,6.89,246.62,A,A3,60979,10+ years,0,27000,0,2015/7/1,0,482,32,23.56,0,720,724,11,0,0,6095,32.2,18,0,0,Sep-02,0,1,0,4,5,5,5,6,3,10,14,5,11,0,0,0,3
800218,13400,5,21.18,363.88,E,E3,149200,4 years,1,30000,0,2016/3/1,1,228,24,26.06,0,720,724,29,0,0,4218,5.4,37,0,0,Sep-04,1,1,0,6,6,6,19,25,3,27,34,6,29,0,0,0,7
800219,16000,3,17.27,572.6,D,D2,43649,10+ years,0,228000,1,2016/2/1,0,25,13,6.7,1,675,679,20,2,0,33917,66.7,33,1,0,Oct-96,2,1,2,6,9,9,11,18,4,14,23,9,20,0,0,1,6
800220,4800,3,13.99,164.03,C,C4,86571,10+ years,0,45000,2,2015/4/1,0,324,10,25.89,0,680,684,15,0,0,7521,29,32,1,0,Jun-05,0,1,0,3,12,12,5,7,8,12,22,10,15,,0,0,4
800221,4800,3,9.17,153.02,B,B2,54,,0,46000,1,2015/12/1,0,27,12,16.8,0,675,679,12,1,1,22270,60.7,38,0,0,Nov-98,0,1,0,1,6,6,3,4,8,11,26,8,12,0,0,0,4
800222,10000,3,10.99,327.34,B,B2,266277,10+ years,2,103716,0,2013/9/1,0,301,21,24.85,0,670,674,20,0,0,24419,70.4,55,1,0,Oct-90,548,1,0,8,14,14,8,13,17,16,30,14,20,0,0,0,1
800223,6400,3,10.49,207.99,B,B3,4498,10+ years,1,41548,1,2016/7/1,0,261,8,9.19,0,690,694,6,1,1,4243,46.1,8,0,0,Mar-06,0,1,0,1,2,2,2,3,1,5,7,2,6,0,0,0,1
800224,8000,3,12.79,268.75,C,C1,1821,9 years,0,32000,1,2016/8/1,9,707,11,28.13,0,770,774,8,0,0,525,5.6,21,1,0,Apr-85,10,1,0,1,2,2,2,8,5,5,13,2,8,0,0,0,1
800225,9000,3,7.99,281.99,A,A5,206947,10+ years,0,150000,1,2016/12/1,4,468,0,8,0,710,714,9,0,0,8683,30.9,31,0,0,Sep-67,4,1,0,1,3,3,1,8,4,5,20,3,9,0,0,0,3
800226,8500,3,6.03,258.71,A,A1,227485,4 years,0,76000,0,2012/6/1,2,616,0,18.25,0,765,769,13,0,0,15720,27.9,26,1,0,Mar-98,57894,1,,,,,,,,,,,,,,,
800227,15750,5,14.65,371.81,C,C5,2548,10+ years,1,37537.5,1,2015/6/1,4,7,0,27.62,1,660,664,13,0,0,16433,68.2,42,0,0,Sep-89,4,1,0,3,3,3,3,15,9,9,28,3,13,0,0,0,2
800228,17500,3,15.59,611.72,C,C5,2800,5 years,1,35000,2,2016/9/1,0,491,30,28.43,0,695,699,4,0,0,18146,82.5,16,1,0,Sep-87,2,1,0,3,3,3,3,11,1,3,12,3,4,0,0,0,0
800229,35000,3,13.99,1196.05,C,C4,4014,9 years,0,101000,1,2015/8/1,0,4,3,13.98,0,670,674,18,1,0,30953,58.8,34,1,0,Dec-89,0,1,2,7,11,11,8,13,4,17,28,11,18,0,0,0,1
800230,20000,3,11.49,659.43,B,B5,3551,2 years,1,85000,1,2017/1/1,0,108,21,17.79,0,660,664,13,0,0,14367,44.6,22,0,0,Jul-03,0,1,1,4,6,6,6,9,4,11,16,6,13,0,0,0,4
800231,3000,3,10.91,98.09,B,B4,122532,5 years,0,72960,0,2017/7/1,5,693,19,18.63,0,755,759,9,0,0,4124,29.7,21,0,0,Jan-03,6,1,0,1,2,2,2,5,7,4,10,2,9,0,0,0,0
800232,18000,5,7.89,364.03,A,A5,16130,3 years,0,75000,1,2016/2/1,4,175,14,17.94,0,700,704,20,0,0,22069,29,54,0,0,Sep-00,4,1,0,7,8,8,14,23,24,16,26,8,20,0,0,0,2
800233,14000,3,13.11,472.46,B,B4,223232,8 years,1,60000,2,2013/2/1,2,56,8,5.54,0,660,664,9,1,1,7891,36,49,1,0,Dec-99,46584,1,0,3,5,5,3,15,10,9,37,5,9,0,0,0,0
800234,26000,3,6.39,795.58,A,A2,35221,1 year,2,92000,1,2015/5/1,4,62,13,23.76,2,685,689,15,0,0,27353,59.7,31,1,0,May-87,4,1,0,6,8,8,7,9,11,11,16,8,15,0,0,0,0
800235,24000,5,24.99,704.3,F,F4,199,10+ years,0,75000,2,2015/9/1,0,29,19,24.64,1,660,664,19,1,1,13989,58.8,27,1,0,Apr-02,0,1,1,6,13,13,7,7,8,16,17,13,19,0,0,1,3
800236,15000,5,16.78,371.02,C,C5,274788,7 years,1,43700,2,2013/7/1,4,196,14,29.6,0,705,709,21,0,0,21089,61.3,30,1,0,Apr-90,234,1,0,14,16,16,16,23,2,20,28,16,21,0,0,0,1
800237,21500,3,9.99,693.65,B,B3,54,,0,78641,2,2015/6/1,4,86,35,19.84,0,715,719,7,0,0,37235,60.3,18,0,0,May-86,4,1,0,3,3,3,5,7,4,6,11,3,7,0,0,0,1
800238,6000,3,10.62,195.36,B,B3,227976,8 years,0,84000,0,2010/5/1,7,195,38,9.3,0,700,704,7,0,0,9732,72.1,24,1,0,Aug-99,14503,1,,,,,,,,,,,,,,,
800239,35000,3,11.49,1154,B,B5,11,9 years,0,146000,1,2017/1/1,4,145,8,28.97,0,665,669,21,0,0,52504,81.9,36,0,1,Jan-84,4,1,0,9,15,15,9,12,14,15,21,15,21,0,0,0,2
800240,15600,3,13.44,528.94,C,C3,6347,3 years,0,62000,1,2016/1/1,0,752,11,18.06,1,680,684,11,0,0,8253,50,23,0,0,May-02,0,1,3,5,5,5,6,6,14,6,6,5,10,0,0,0,1
800241,10000,5,8.18,203.63,B,B1,75136,2 years,0,125000,1,2015/6/1,0,52,19,10.83,2,760,764,20,0,0,5903,12.8,35,0,0,Apr-86,0,1,0,5,11,11,9,12,3,18,28,11,20,0,0,0,3
800242,5000,3,10.99,163.67,B,B3,3135,9 years,1,38885,1,2014/10/1,0,509,0,16.88,0,695,699,10,0,0,4761,44.5,14,0,0,Jun-01,0,1,0,4,6,6,4,5,5,8,9,6,10,0,0,0,4
800243,8000,3,7.07,247.28,A,A2,54,,0,55000,2,2017/10/1,4,176,3,36.13,0,830,834,22,0,0,3705,4.1,49,0,0,Aug-83,4,1,0,7,11,11,11,20,8,18,39,11,22,0,0,0,4
800244,18200,5,9.16,379.22,B,B2,511,4 years,0,50000,0,2016/3/1,0,62,13,16.99,0,805,809,24,0,0,18380,17.1,58,0,0,Nov-83,0,1,0,6,10,10,13,31,3,22,50,10,24,0,0,0,1
800245,8000,3,13.66,272.11,C,C3,2139,3 years,1,60000,1,2014/11/1,4,10,8,10.26,0,670,674,13,1,1,9531,48.9,13,1,0,Aug-07,4,1,0,6,9,9,6,6,1,12,12,9,13,0,0,0,5
800246,10000,5,15.05,238.17,C,C4,14826,6 years,1,32000,1,2017/5/1,0,556,10,27.04,0,700,704,7,0,0,13112,65.6,8,0,0,Dec-08,0,1,0,3,5,5,4,4,2,6,6,5,7,0,0,0,0
800247,10000,3,6.07,304.54,A,A2,57495,10+ years,0,250000,0,2018/3/1,2,437,15,10.54,0,775,779,15,0,0,13053,11.8,37,0,0,Sep-82,5,1,0,1,3,3,6,9,18,11,16,3,15,0,0,0,2
800248,3500,3,18.06,126.64,D,D2,5702,2 years,1,25000,2,2017/6/1,0,6,5,19.01,0,665,669,4,0,0,158,3,6,0,0,Mar-14,0,1,0,1,1,1,1,1,1,3,5,1,4,0,0,0,2
800249,7500,3,11.99,249.08,C,C1,658,4 years,0,50000,0,2016/3/1,5,19,14,3.48,0,695,699,5,0,0,3819,44.9,5,0,0,Mar-12,6,1,0,3,4,4,3,3,0,4,4,4,5,0,0,0,1
800250,35000,5,16.29,856.54,D,D2,291,7 years,1,98000,2,2014/9/1,0,17,13,16.65,0,680,684,11,0,0,33902,84.5,20,1,0,Feb-99,0,1,0,5,6,6,5,9,7,7,13,6,11,0,0,0,1
800251,15000,3,19.42,553.04,D,D3,593,< 1 year,1,70000,0,2018/4/1,4,191,5,18.81,0,660,664,7,0,0,10197,94.4,9,1,0,Oct-13,4,1,0,4,4,4,4,4,4,4,4,4,7,0,0,0,0
800252,10000,5,18.25,255.3,D,D3,433,10+ years,1,55000,1,2014/3/1,0,11,5,21.89,2,675,679,9,0,0,5901,32.6,20,1,0,Nov-96,0,1,2,2,5,5,2,7,7,6,12,5,9,0,0,0,4
800253,7425,3,9.17,236.71,B,B2,54,,1,25000,2,2015/9/1,4,104,23,10.66,0,665,669,6,1,1,4430,29,22,1,0,Jul-99,4,1,0,4,5,5,9,14,0,5,20,2,5,,0,0,1
800254,5000,3,7.69,155.97,A,A4,54,,1,22000,2,2014/6/1,4,73,23,15.22,0,720,724,5,0,0,4852,48.5,8,1,0,Oct-02,4,1,0,2,2,2,2,4,4,2,4,2,5,0,0,0,0
800255,12000,3,11.53,395.89,B,B5,80642,8 years,1,58000,0,2015/5/1,4,262,37,21.6,1,675,679,11,0,0,20445,38.6,37,1,0,Apr-97,4,1,0,5,8,8,5,10,8,10,27,8,11,0,0,0,2
800256,7500,3,10.25,242.89,B,B2,54,5 years,1,81000,0,2010/2/1,5,111,8,7.36,0,795,799,7,0,0,1386,9,19,1,0,Oct-76,16205,1,,,,,,,,,,,,,,,
800257,28000,5,10.75,605.31,B,B4,43762,10+ years,0,95600,0,2016/2/1,0,143,8,25.43,0,730,734,19,0,0,82852,31,33,0,0,Jan-99,0,1,0,6,7,7,8,13,15,9,15,7,19,0,0,0,2
800258,10000,5,19.24,260.73,E,E2,958,< 1 year,1,65000,1,2015/2/1,5,137,32,23.25,0,675,679,9,1,1,3412,27,22,1,0,Nov-94,6,1,0,3,6,6,4,4,8,6,11,4,8,,0,0,3
800259,7600,3,13.99,259.72,C,C4,151,10+ years,0,84000,2,2015/10/1,1,230,2,17.77,5,660,664,9,1,1,5200,55,20,1,0,Feb-96,1,1,0,5,7,7,5,5,11,7,8,5,9,,0,5,2
800260,18000,5,15.59,433.82,D,D1,175758,2 years,0,45000,0,2014/11/1,0,529,23,16.11,0,670,674,5,2,0,3598,36.3,23,0,0,May-00,0,1,4,1,2,2,1,10,5,3,16,2,5,0,0,0,2
800261,19900,3,13.49,675.22,C,C2,49660,< 1 year,0,70000,1,2016/12/1,0,118,20,19.39,0,660,664,13,0,0,7146,34.5,18,0,1,Feb-12,0,1,0,2,6,6,2,2,7,10,10,6,13,0,0,0,4
800262,4000,3,16.29,141.21,C,C4,333687,2 years,1,24900,2,2012/9/1,0,226,21,26.84,0,665,669,5,0,0,2622,53.5,18,1,0,Jan-02,417,1,1,0,4,4,0,1,10,4,8,4,5,0,0,0,3
800263,12000,3,10.99,392.81,B,B3,225634,2 years,1,54000,1,2011/9/1,0,136,8,20.56,0,700,704,4,0,0,16198,69.2,6,1,0,Nov-02,5169,1,,,,,,,,,,,,,,,
800264,14400,5,14.49,338.74,C,C4,125530,8 years,1,74324,1,2016/6/1,0,715,13,17.68,3,690,694,8,1,0,1923,30,16,0,0,Aug-08,0,1,0,3,3,3,4,4,11,4,5,3,8,0,0,0,1
800265,15000,3,5.32,451.73,A,A1,38,2 years,1,79000,0,2015/12/1,0,103,36,19.76,0,720,724,17,0,0,14059,29.5,42,0,0,Apr-94,0,1,0,4,4,4,9,20,7,14,35,4,17,0,0,0,2
800266,9600,3,5.32,289.11,A,A1,199,7 years,0,75000,0,2016/2/1,2,19,14,8.9,0,725,729,10,0,0,6641,36.9,39,0,0,Dec-98,5,1,0,3,5,5,4,12,18,6,19,5,10,0,0,0,3
800267,8000,3,13.59,271.84,C,C2,96271,5 years,0,44000,1,2017/6/1,8,118,20,15.33,1,695,699,9,0,0,2846,37.9,37,0,0,Apr-91,9,1,0,4,4,4,4,6,29,4,7,4,9,0,0,0,4
800268,8675,3,16.99,309.25,D,D1,362861,10+ years,1,47600,1,2016/7/1,0,56,8,8.35,0,660,664,4,0,0,2706,34.7,14,0,0,Nov-01,0,1,0,0,3,3,0,0,10,3,4,3,4,0,0,0,2
800269,24000,5,22.2,665.59,E,E4,279592,7 years,0,90000,2,2013/8/1,0,708,13,31.21,0,675,679,20,0,0,15949,35.4,35,1,0,Oct-02,106,1,0,6,9,9,7,7,20,12,12,9,20,0,0,0,6
800270,14400,5,20,381.52,D,D4,44688,10+ years,0,43000,1,2017/9/1,0,162,2,10.8,0,660,664,8,1,1,4092,59.3,26,0,0,Apr-01,0,1,0,5,5,5,5,8,7,6,17,5,8,0,0,0,2
800271,24800,3,13.99,847.49,C,C4,14103,3 years,0,133843,1,2016/1/1,3,305,15,21.33,0,720,724,9,0,0,25218,47.5,17,0,0,Jan-02,3,1,0,4,4,4,5,6,7,6,9,4,9,0,0,0,2
800272,12500,3,10.42,405.81,B,B3,1423,10+ years,1,65000,1,2017/8/1,0,436,8,3.65,0,705,709,11,0,0,6830,26.7,43,0,0,Oct-93,0,1,9,6,7,7,6,24,2,11,39,7,11,0,0,0,4
800273,6400,3,10.42,207.78,B,B3,1292,< 1 year,0,40000,0,2017/11/1,0,319,0,20.61,1,700,704,10,0,0,4436,41.5,32,0,1,Jul-84,0,1,2,2,3,3,4,10,11,6,17,3,10,0,0,0,5
800274,10000,3,16.55,354.3,D,D2,1039,2 years,1,55000,2,2015/10/1,0,203,30,18.55,2,685,689,9,1,1,1850,15.4,17,0,0,Feb-91,0,1,0,4,5,5,5,11,4,7,13,5,9,0,0,0,3
800275,8000,3,8.18,251.36,B,B1,659,10+ years,0,100000,1,2015/11/1,4,92,18,3.75,2,670,674,6,0,0,12010,84,17,0,0,Oct-89,4,1,1,3,3,3,4,9,2,4,11,3,6,0,0,0,0
800276,2000,3,14.16,68.52,C,C2,22,5 years,0,35000,1,2014/3/1,0,14,11,29.39,0,670,674,6,0,0,974,32.5,16,0,0,Jun-90,0,1,2,1,1,1,1,2,9,3,4,1,6,0,0,0,3
800277,14350,3,12.99,483.44,C,C2,54,10+ years,1,45000,1,2016/3/1,4,109,21,16.8,0,705,709,10,2,0,6202,22.2,19,0,0,May-03,4,1,0,4,4,4,9,12,3,9,16,4,10,0,0,0,2
800278,25000,3,7.9,782.26,A,A4,346964,7 years,0,130000,1,2012/4/1,2,386,19,3.49,0,775,779,9,0,0,2918,4.7,19,1,0,Jul-98,59137,1,,,,,,,,,,,,,,,
800279,28000,5,13.49,644.14,C,C2,369011,4 years,1,70000,0,2016/12/1,0,235,8,18.89,0,705,709,20,0,0,12447,31.6,43,0,0,Jan-04,0,1,0,7,8,8,13,15,23,15,19,8,20,0,0,0,2
800280,12000,3,12.62,402.14,C,C1,144,10+ years,0,60000,0,2017/8/1,2,74,30,12.64,1,695,699,9,0,0,5443,35.1,23,1,0,Mar-79,5,1,0,3,5,5,4,5,10,6,9,5,9,0,0,0,2
800281,6500,3,20.89,244.53,D,D4,29289,3 years,0,36125,2,2018/8/1,9,399,37,31.2,0,725,729,11,1,1,2112,36.4,45,1,0,Oct-06,10,1,0,1,3,3,1,3,36,4,9,3,11,0,0,0,4
800282,7000,3,8.49,220.95,B,B1,753,10+ years,0,41700,1,2015/12/1,0,411,11,18.33,0,670,674,10,1,1,6994,38.6,27,0,0,Dec-95,0,1,0,2,2,2,2,8,5,7,19,2,10,0,0,0,2
800283,18000,3,18.75,657.54,D,D3,238012,< 1 year,2,43500,2,2013/2/1,0,630,0,29.99,0,660,664,16,0,0,10717,94.8,31,1,0,Oct-04,0,1,2,6,9,9,6,12,12,10,19,9,16,0,0,0,3
800284,3000,3,8.38,94.54,B,B1,38,10+ years,2,27000,1,2015/12/1,0,835,35,33.24,0,690,694,14,0,0,14082,49.2,19,1,0,Apr-04,0,1,1,7,12,12,7,10,2,13,17,12,14,0,0,0,2
800285,14400,3,13.44,488.26,C,C3,19,10+ years,0,100800,2,2015/12/1,2,121,14,23.64,0,700,704,10,0,0,14997,60.5,17,0,0,Mar-03,5,1,1,1,3,3,1,1,9,6,7,3,10,0,0,0,4
800286,20400,3,13.11,688.44,B,B4,341399,< 1 year,1,80000,0,2012/7/1,0,19,14,13.48,0,695,699,11,0,0,11304,42.3,20,1,0,Jul-01,628,1,,,,,,,,,,,,,,,
800287,35000,3,24.99,1391.41,E,E4,64368,10+ years,1,78000,1,2016/7/1,0,673,40,28.57,3,675,679,10,0,0,1938,35.9,39,1,0,Feb-02,0,1,2,1,2,2,2,9,10,6,23,2,9,0,0,3,3
800288,20000,3,15.59,699.1,C,C5,128927,< 1 year,0,92500,2,2016/10/1,0,48,10,30.04,3,690,694,36,0,0,11378,20.1,62,0,0,Apr-98,0,1,1,8,9,9,13,23,14,30,44,9,36,0,0,0,17
800289,5825,3,15.61,203.67,D,D1,675,10+ years,0,40000,2,2014/7/1,0,737,39,28.89,0,690,694,13,0,0,16392,58.8,49,0,0,Jan-99,0,1,0,4,8,8,4,10,26,9,16,8,13,0,0,0,5
800290,5750,3,13.53,195.22,B,B5,5625,2 years,1,34000,0,2014/1/1,0,149,22,9.18,0,675,679,11,0,0,4971,33.1,25,1,0,Nov-82,0,1,0,5,9,9,5,5,10,10,15,9,11,0,0,0,3
800291,8400,3,12.88,282.55,C,C2,3766,< 1 year,1,34000,2,2016/1/1,0,359,43,16.13,0,690,694,16,0,0,5064,26.8,27,0,0,Oct-04,0,1,0,3,5,5,3,3,9,8,18,5,16,0,0,0,3
800292,25000,3,13.99,854.32,C,C4,4962,5 years,1,84000,1,2015/5/1,3,188,23,11.98,0,670,674,11,0,0,18487,56.7,18,1,0,Sep-10,3,1,0,6,6,6,8,10,3,10,13,6,11,0,0,0,1
800293,5025,3,23.13,194.86,F,F1,54,,1,20940,2,2016/2/1,0,156,18,38.74,0,665,669,12,1,1,4890,28.8,18,1,0,Jun-04,2,1,0,3,9,9,4,6,2,11,16,9,12,0,0,0,5
800294,21600,5,14.31,506.08,C,C4,109503,5 years,0,72000,1,2015/1/1,0,336,44,16.07,0,685,689,8,0,0,12496,65.1,20,0,0,Aug-01,0,1,0,4,4,4,4,4,14,5,5,4,8,0,0,0,0
800295,26400,3,14.99,915.04,C,C4,54,,0,60000,2,2017/2/1,4,162,2,7.12,0,670,674,7,2,2,16432,59.1,13,1,0,Aug-02,4,1,0,4,4,4,7,10,2,7,11,4,7,0,0,0,1
800296,9000,3,14.48,309.71,C,C5,54,,2,25000,2,2015/12/1,0,109,21,14.4,0,660,664,4,0,0,2149,31.6,9,0,0,Dec-03,0,1,0,2,3,3,2,2,3,3,4,3,4,0,0,0,3
800297,6000,3,13.33,203.12,C,C3,78490,10+ years,1,87500,1,2015/5/1,3,495,14,10.89,1,680,684,9,0,0,14940,74.7,20,1,0,Jan-98,3,1,1,2,4,4,2,4,2,7,16,4,8,1,0,1,3
800298,20000,3,9.75,643,B,B3,153677,8 years,0,77000,0,2016/3/1,0,460,27,23.5,0,695,699,16,0,0,28296,54.9,36,1,0,Nov-99,0,1,0,6,8,8,6,8,15,11,16,8,16,0,0,0,1
800299,26400,3,6.49,809.02,A,A2,9878,1 year,0,120000,1,2014/11/1,4,66,14,10.7,0,725,729,7,0,0,34268,69.1,21,1,0,Jun-98,4,1,0,3,5,5,3,6,9,5,10,5,7,0,0,0,0
800300,6000,5,15.95,145.75,E,E1,75377,2 years,0,140000,0,2011/1/1,8,4,3,7.88,0,720,724,4,0,0,23736,98.1,22,1,0,Nov-99,899,1,,,,,,,,,,,,,,,
800301,14000,3,9.8,450.43,B,B3,7994,9 years,1,38000,2,2016/2/1,0,92,18,18.13,0,685,689,4,0,0,9052,93.3,5,1,0,Dec-03,0,1,0,3,3,3,3,3,2,3,3,3,4,0,0,0,1
800302,1000,3,10.99,32.74,B,B3,54,,0,26400,0,2011/6/1,1,44,26,12.95,1,710,714,3,0,0,0,0,9,1,0,Aug-96,6526,1,,,,,,,,,,,,,,,
800303,9600,3,14.99,332.75,C,C4,6091,< 1 year,1,39000,1,2017/2/1,0,455,13,21.97,0,725,729,6,0,0,5661,41.9,7,0,0,Feb-08,0,1,0,4,4,4,4,5,2,4,5,4,6,0,0,0,1
800304,15000,5,12.99,341.22,C,C2,148328,2 years,0,53000,1,2016/3/1,0,157,8,17.03,0,675,679,19,1,1,10313,26.4,28,0,0,Dec-92,0,1,0,9,12,12,11,15,4,17,22,12,18,0,0,0,6
800305,15000,5,14.47,352.69,C,C2,3403,10+ years,1,40000,2,2013/12/1,3,160,4,17.73,0,745,749,8,0,0,15528,43.3,17,1,0,Mar-95,3,1,0,4,6,6,4,6,4,6,10,6,8,0,0,0,1
800306,4800,3,15.99,168.74,C,C5,145326,4 years,0,44000,2,2017/5/1,0,568,0,4.47,0,680,684,7,0,0,3137,44.8,25,1,0,Sep-06,0,1,1,5,5,5,5,7,9,5,11,5,7,0,0,0,4
800307,35000,3,14.46,1204.06,C,C4,350,10+ years,0,94700,0,2016/4/1,0,458,5,20.94,1,670,674,10,0,0,26247,73.7,28,0,0,Nov-91,0,1,0,4,7,7,4,7,8,7,16,7,10,0,0,0,3
800308,10475,5,28.34,328.3,G,G3,20,2 years,1,54000,2,2016/3/1,0,145,8,13.47,5,690,694,18,0,0,2084,8.8,39,1,0,Oct-05,0,1,0,4,9,9,6,13,3,17,35,9,18,0,0,0,13
800309,20450,3,14.65,705.41,C,C5,132,10+ years,0,68250,0,2015/7/1,0,540,13,34.92,0,700,704,12,0,0,41359,52.7,31,0,0,Jul-01,0,1,0,5,6,6,5,6,13,8,13,6,12,0,0,0,1
800310,18000,3,10.42,584.37,B,B3,366594,10+ years,0,75500,1,2017/11/1,0,235,8,18.84,0,670,674,13,1,1,2532,6.6,32,0,0,Sep-05,0,1,0,4,6,6,6,9,12,10,14,6,13,0,0,0,6
800311,10000,3,11.53,329.91,B,B5,53513,< 1 year,1,60000,1,2015/8/1,4,593,38,6.92,0,675,679,12,1,1,11395,48.3,26,1,0,Oct-98,4,1,0,4,8,8,4,6,10,11,15,8,11,0,0,0,5
800312,12000,3,12.29,400.24,C,C1,3583,1 year,1,45000,2,2015/9/1,0,99,8,10.75,0,665,669,26,0,0,9897,57.2,51,1,0,Sep-05,0,1,1,2,8,8,2,4,37,10,14,8,26,0,0,0,3
800313,26375,5,18.99,684.04,E,E1,16925,4 years,0,60000,1,2014/10/1,0,582,14,37.04,0,715,719,8,0,0,27225,87.8,40,0,0,Oct-90,0,1,0,3,3,3,3,14,14,4,19,3,8,0,0,0,1
800314,25000,3,6.03,760.89,A,A1,405,2 years,2,100000,1,2014/4/1,4,474,14,16.05,0,765,769,8,0,0,10455,24.9,20,0,0,Dec-92,4,1,0,3,3,3,4,9,8,6,12,3,8,0,0,0,3
800315,9500,3,7.07,293.64,A,A2,54,,0,55000,0,2017/7/1,2,342,21,0,0,750,754,6,0,0,0,0,16,0,0,Feb-08,5,1,0,0,0,0,2,3,7,6,9,0,6,0,0,0,2
800316,12000,3,8.18,377.04,B,B1,17768,8 years,1,85000,1,2015/11/1,4,324,10,14.8,0,665,669,9,2,1,14186,55.6,28,0,0,Oct-91,4,1,0,3,6,6,3,8,5,7,20,6,9,0,0,0,0
800317,6000,3,14.33,206.03,C,C2,272552,2 years,1,41000,0,2013/9/1,4,286,16,15.6,0,675,679,11,1,1,6519,79.5,14,0,0,Jul-04,23882,1,0,2,3,3,2,4,7,4,7,3,11,0,0,0,2
800318,10000,5,21.7,274.49,E,E2,648,2 years,0,62000,2,2013/11/1,10,54,28,7.13,0,725,729,4,0,0,4361,32.3,6,1,0,Feb-02,2728,1,0,2,2,2,2,2,3,2,2,2,4,0,0,0,2
800319,12000,3,13.67,408.22,C,C4,7298,2 years,1,65000,2,2015/11/1,5,143,8,13.7,0,670,674,6,0,0,2365,94.6,14,0,0,Jun-07,6,1,0,0,1,1,0,2,9,2,5,1,6,0,0,0,2
800320,10000,3,13.67,340.18,B,B5,320248,10+ years,0,144000,2,2012/5/1,2,251,8,23.37,0,675,679,19,0,0,70412,84.6,29,1,0,Jun-89,289,1,,,,,,,,,,,,,,,
800321,16000,3,16.29,564.81,C,C4,220537,9 years,1,65000,2,2012/11/1,4,19,14,24.72,0,685,689,10,0,0,19804,88,16,1,0,Apr-89,25489,1,1,3,7,7,3,5,5,7,10,7,10,0,0,0,3
800322,18000,5,10.49,386.81,B,B2,3509,10+ years,0,75000,2,2016/12/1,0,226,21,31.65,0,760,764,13,0,0,47352,63.7,26,0,1,Nov-01,0,1,0,3,4,4,4,5,10,8,13,4,13,0,0,0,1
800323,5400,3,12.84,181.54,C,C2,38210,3 years,0,29996,0,2009/4/1,2,662,14,1.72,0,700,704,6,0,0,586,3.6,15,1,0,Oct-99,19435,1,,,,,,,,,,,,,,,
800324,16000,5,17.09,398.42,D,D1,141615,10+ years,0,70000,1,2017/6/1,0,44,26,9.58,4,670,674,8,0,0,11817,53,28,0,0,Feb-05,0,1,1,3,4,4,4,10,5,7,23,4,8,0,0,3,2
800325,8400,5,9.99,178.44,B,B4,235156,< 1 year,0,48000,0,2011/1/1,0,146,23,10.5,0,745,749,13,0,0,21123,39.9,37,1,0,May-98,38,1,,,,,,,,,,,,,,,
800326,10000,3,12.62,335.12,C,C1,1690,10+ years,1,75000,1,2018/2/1,0,32,21,1.36,0,660,664,3,0,0,1637,35.6,6,1,0,May-01,0,1,1,3,3,3,3,5,0,3,5,3,3,0,0,0,2
800327,10000,3,8.9,317.54,A,A5,268931,6 years,0,60000,0,2013/4/1,2,32,21,12.54,0,750,754,16,0,0,8494,15.8,31,0,0,Jul-00,5,1,0,2,3,3,5,8,8,14,17,3,16,0,0,0,3
800328,28000,3,11.44,922.53,B,B4,4227,10+ years,1,70000,1,2015/1/1,4,288,13,18.55,0,690,694,11,0,0,27988,41.4,19,1,0,Aug-90,4,1,0,6,7,7,7,12,4,9,15,7,11,0,0,0,4
800329,3000,3,6.99,92.62,A,A2,373959,9 years,0,42000,1,2016/11/1,0,225,18,8.43,0,745,749,21,0,0,12456,11.7,40,0,0,Dec-00,0,1,0,7,9,9,13,20,2,21,35,9,21,0,0,0,2
800330,15000,3,12.74,503.54,C,C1,7226,4 years,2,120000,1,2016/11/1,0,116,14,20.49,0,660,664,12,0,0,31091,77,21,1,0,Feb-02,0,1,0,4,7,7,4,6,5,8,15,7,12,0,0,0,2
800331,8000,3,16.02,281.34,C,C5,7126,2 years,0,72000,2,2017/8/1,0,42,26,27.47,0,680,684,21,1,1,10323,20.4,35,0,0,Jun-98,0,1,0,3,7,7,3,4,15,15,18,7,21,0,0,0,3
800332,7000,3,7.49,217.72,A,A4,4088,10+ years,0,50000,0,2016/11/1,8,233,19,18.7,0,705,709,10,1,0,2082,12.9,19,0,0,Sep-03,9,1,0,0,2,2,2,6,6,7,13,2,10,0,0,0,0
800333,6000,3,5.42,180.96,A,A1,226019,10+ years,2,47820,0,2011/8/1,0,612,7,13.1,0,785,789,15,0,0,4875,7.8,41,1,0,Oct-79,38,1,,,,,,,,,,,,,,,
800334,20000,5,25.69,595.15,F,F1,22766,10+ years,0,90000,2,2016/6/1,0,98,19,1.43,0,660,664,4,3,0,3998,65.5,10,1,0,Jul-03,0,1,0,3,3,3,3,4,3,3,5,3,4,0,0,0,2
800335,14000,5,19.03,363.4,D,D3,147256,9 years,0,175000,1,2017/11/1,5,51,13,8.72,0,680,684,9,0,0,28654,91.8,12,0,0,May-07,6,1,0,4,6,6,4,4,4,6,7,6,9,0,0,0,2
800336,10000,3,14.64,344.9,C,C3,22427,2 years,1,40000,1,2014/2/1,0,491,30,32.97,0,685,689,12,0,0,12137,77.3,20,0,0,Jan-03,0,1,1,5,9,9,5,8,4,10,16,9,12,0,0,0,2
800337,4500,3,14.64,155.21,C,C3,2095,10+ years,1,36000,0,2014/5/1,9,62,13,23.67,0,755,759,11,0,0,88,0.4,22,1,0,Oct-02,10,1,0,2,2,2,3,5,7,9,15,2,11,0,0,0,2
800338,12000,5,16.49,294.96,D,D3,14447,10+ years,1,73000,1,2015/1/1,0,62,13,14.68,0,665,669,12,0,0,13612,75.2,14,0,0,Aug-05,0,1,0,5,8,8,6,8,2,10,12,8,12,0,0,0,3
800339,25000,3,6.68,768.28,A,A3,87768,10+ years,1,57000,1,2015/4/1,0,17,13,20.04,0,715,719,20,0,0,27886,23.2,38,1,0,Dec-03,0,1,0,9,14,14,11,19,10,19,28,14,20,0,0,0,4
800340,4800,3,6.62,147.38,A,A2,335653,6 years,2,60000,1,2012/9/1,4,162,2,2.68,0,770,774,6,0,0,4866,15.9,15,1,0,Nov-00,4,1,0,2,2,2,5,10,2,6,13,2,6,0,0,0,2
800341,7000,3,6.49,214.52,A,A2,8665,10+ years,2,42000,0,2016/5/1,4,176,3,26.29,0,770,774,8,0,0,3026,14.9,27,0,0,Jun-05,4,1,0,1,1,1,2,13,5,5,20,1,8,0,0,0,1
800342,15000,3,12.29,500.3,C,C1,40499,8 years,1,160000,1,2015/7/1,3,145,8,17.78,0,685,689,16,0,0,10478,31.3,29,1,0,Jun-99,3,1,0,3,8,8,5,13,6,13,22,8,16,0,0,0,4
800343,20000,3,7.69,623.88,A,A4,317,8 years,0,120000,2,2014/8/1,0,227,35,23.94,0,740,744,36,0,0,34449,45.3,57,1,0,Oct-87,0,1,0,5,10,10,9,9,31,17,19,10,36,0,0,0,4
800344,30000,5,13.67,692.93,C,C3,672,9 years,1,155000,0,2016/2/1,4,66,14,16.09,0,765,769,10,0,0,11627,17.1,27,0,0,Oct-00,4,1,0,4,5,5,5,13,9,6,17,5,10,0,0,0,3
800345,25000,3,14.99,866.52,C,C5,107133,< 1 year,1,128960,1,2015/1/1,4,156,18,11.27,0,660,664,9,0,0,33849,75.2,35,1,0,Feb-98,4,1,3,5,6,6,5,11,7,8,24,6,9,0,0,0,2
800346,7000,3,18.99,256.56,D,D4,149231,8 years,0,38000,1,2016/3/1,0,317,36,9.29,0,700,704,4,0,0,6507,52.1,11,0,0,Oct-02,0,1,0,1,3,3,1,2,0,3,9,3,4,0,0,0,2
800347,7200,3,6.71,221.37,A,A3,15556,4 years,0,55000,0,2018/4/1,0,313,43,25.44,0,755,759,15,0,0,6132,19.3,24,0,0,Dec-09,0,1,0,1,6,6,3,8,6,10,16,6,15,0,0,0,4
800348,22400,5,14.65,528.79,C,C5,188,2 years,0,45000,1,2015/4/1,2,500,27,20.27,0,815,819,9,0,0,520,0.9,12,0,0,Jul-88,5,1,0,1,1,1,5,6,5,5,6,1,9,0,0,0,0
800349,5000,3,9.93,161.18,B,B2,95767,10+ years,1,72000,0,2017/8/1,4,103,36,24.68,0,695,699,11,1,0,5407,37.8,27,0,0,Dec-94,4,1,2,0,5,5,1,3,6,7,16,5,11,0,0,0,2
800350,9650,3,12.99,325.11,C,C2,184,2 years,1,23000,0,2016/2/1,0,31,2,23.17,0,675,679,15,1,1,8912,53.4,27,0,0,Sep-01,0,1,7,6,8,8,6,7,18,8,9,8,15,0,0,0,0
800351,26000,5,17.57,654.17,D,D4,59786,10+ years,0,95000,1,2014/7/1,0,196,14,8.58,0,710,714,10,1,1,4358,17.7,18,1,0,Feb-02,0,1,0,0,1,1,2,3,10,5,6,1,10,0,0,0,5
800352,6600,3,20.75,247.81,E,E2,54,,0,30044,2,2016/4/1,4,327,14,33.8,0,700,704,10,1,1,7503,36.1,17,1,0,Nov-00,4,1,0,0,6,6,0,0,6,7,8,6,10,0,0,0,2
800353,22800,5,17.27,569.96,C,C5,315085,10+ years,1,51000,2,2013/2/1,0,229,17,19.2,0,680,684,13,0,0,32236,87.1,24,1,0,Sep-88,47046,1,0,6,9,9,6,8,4,13,17,9,13,0,0,0,0
800354,10800,3,11.99,358.67,C,C1,3631,5 years,1,26400,1,2016/5/1,9,25,13,29.45,0,740,744,9,0,0,9850,36.6,13,1,0,Aug-07,2,1,0,3,4,4,3,7,1,8,12,4,9,0,0,0,2
800355,8000,3,11.99,265.68,B,B3,1083,6 years,1,30000,1,2014/4/1,4,9,7,7.08,0,675,679,7,1,0,9023,34.7,12,1,0,Mar-01,4,1,0,7,7,7,7,7,2,7,10,7,7,0,0,0,2
800356,16025,3,18.25,581.36,E,E1,738,6 years,1,84000,0,2015/7/1,0,207,0,23.39,2,660,664,19,0,0,10811,59,25,1,0,Oct-01,0,1,0,9,14,14,9,9,8,14,16,11,17,,0,1,2
800357,3500,3,17.09,124.95,D,D1,54,,0,45000,2,2017/11/1,5,121,14,28.03,1,670,674,12,0,0,21100,82,25,1,0,Oct-78,6,1,0,3,9,9,5,7,3,9,20,8,12,,0,0,4
800358,5400,3,12.99,181.93,B,B5,128047,10+ years,0,80000,1,2014/5/1,0,135,33,18.6,2,675,679,7,1,1,3608,83.9,13,1,0,Mar-89,0,1,0,2,3,3,2,3,9,3,4,3,7,0,0,0,3
800359,23975,3,12.53,802.36,B,B5,243988,10+ years,1,49896,2,2009/10/1,3,138,0,12.46,0,755,759,5,0,0,0,0,14,1,0,Dec-98,2257,1,,,,,,,,,,,,,,,
800360,15350,5,18.25,391.88,D,D3,794,10+ years,0,70000,2,2013/12/1,0,47,17,9.89,2,675,679,10,0,0,3545,68.2,21,1,0,Jan-07,0,1,0,1,3,3,2,4,9,6,8,3,10,0,0,0,2
800361,13000,3,5.32,391.5,A,A1,1268,1 year,2,73000,0,2016/3/1,0,188,23,22.92,0,735,739,25,0,0,14036,22.1,53,0,0,Sep-02,0,1,0,2,3,3,7,14,22,16,31,4,25,0,0,0,3
800362,31675,5,13.67,731.62,C,C3,54,,0,65000,1,2016/3/1,0,149,22,13.18,0,700,704,7,0,0,11090,50.9,25,0,0,Feb-02,0,1,0,2,4,4,2,5,11,5,8,4,7,0,0,0,0
800363,11550,3,22.91,446.56,E,E1,515,10+ years,1,33000,2,2017/7/1,0,143,8,27.89,0,690,694,6,0,0,29911,98,10,1,0,Jan-97,0,1,0,5,6,6,7,7,1,6,9,6,6,,0,0,1
800364,10000,3,11.55,330,B,B3,54,,1,68136,1,2013/7/1,0,16,5,19.51,0,690,694,15,0,0,17129,48.9,20,1,0,Jan-95,103,1,0,4,9,9,4,5,8,10,11,9,15,0,0,0,2
800365,10000,5,16.02,243.29,C,C5,8780,10+ years,0,95000,0,2017/12/1,0,116,14,20.81,0,680,684,9,0,0,33946,60.4,19,0,0,Aug-07,0,1,1,4,4,4,4,6,5,8,13,4,9,0,0,0,1
800366,20000,5,13.99,465.27,C,C4,19882,10+ years,1,78000,0,2015/9/1,0,277,8,33.74,0,720,724,12,0,0,43177,46.6,35,0,0,Nov-03,0,1,0,1,5,5,2,6,14,7,19,5,12,0,0,0,4
800367,7475,3,21.18,282.32,E,E3,115388,1 year,0,39250,1,2016/3/1,0,498,32,42.72,0,670,674,11,1,1,9995,68.5,23,1,0,Sep-04,0,1,0,2,3,3,4,7,9,6,13,3,11,0,0,0,2
800368,21000,3,14.47,722.54,C,C2,38,10+ years,1,105000,2,2014/1/1,4,389,8,18.38,0,665,669,7,4,1,17904,95.2,9,1,0,Aug-06,692,1,0,3,4,4,3,4,4,4,5,4,7,0,0,0,1
800369,3000,3,12.69,100.64,B,B5,54,2 years,1,18000,0,2011/10/1,10,111,8,7.2,0,705,709,2,0,0,1374,91.6,4,1,0,Oct-06,4074,1,,,,,,,,,,,,,,,
800370,18000,3,16.49,637.19,D,D3,3165,1 year,0,50000,0,2015/1/1,0,191,5,21.68,0,720,724,5,0,0,16921,59.8,11,0,0,Aug-02,4,1,0,1,3,3,2,5,1,4,10,3,5,0,0,0,2
800371,6500,3,14.49,223.71,C,C4,2627,< 1 year,1,48000,1,2016/10/1,5,185,3,15.43,0,730,734,11,0,0,1966,21.8,14,0,0,May-10,6,1,0,1,1,1,1,2,10,1,4,1,11,0,0,0,1
800372,21075,5,20.99,570.04,E,E4,76922,7 years,0,48000,1,2014/7/1,0,77,7,22.38,0,695,699,12,0,0,16626,44.5,30,0,0,Nov-84,0,1,2,4,10,10,4,7,9,11,16,10,12,0,0,0,2
800373,35000,5,21.98,966.27,E,E4,224612,6 years,0,96663.64,2,2012/10/1,0,368,3,25.9,0,695,699,11,0,0,32231,63.8,48,0,0,Sep-93,38,1,0,3,4,4,5,13,14,7,29,4,11,0,0,0,4
800374,24000,5,22.47,669.29,E,E5,264188,5 years,1,140000,1,2013/4/1,4,406,8,10.9,1,670,674,11,0,0,11936,76.5,25,1,0,Aug-99,28,1,1,3,5,5,4,12,7,7,15,5,11,0,0,1,1
800375,22000,3,8.67,696.23,B,B1,227,10+ years,1,88000,1,2014/11/1,0,64,14,26.14,0,720,724,9,0,0,26921,59,22,1,0,Jul-96,0,1,0,4,5,5,5,8,9,7,11,5,9,0,0,0,0
800376,4800,3,13.33,162.5,C,C3,35046,10+ years,0,52000,0,2015/7/1,4,211,19,12.55,0,720,724,10,0,0,8119,52.4,20,0,0,Feb-05,4,1,0,3,6,6,3,11,1,8,17,6,10,0,0,0,2
800377,20000,3,8.18,628.39,B,B1,19,2 years,0,70000,1,2015/7/1,4,171,8,18.56,2,660,664,26,0,0,20834,56,47,0,0,Feb-05,4,1,0,10,12,12,16,22,9,21,34,12,26,0,0,0,1
800378,20000,3,6.49,612.89,A,A2,154345,2 years,0,105000,1,2016/3/1,0,557,7,18.74,0,680,684,13,1,1,7254,28.1,38,0,0,Feb-96,0,1,0,4,6,6,4,14,12,9,21,6,13,0,0,0,1
800379,9000,3,9.49,288.26,B,B2,1764,3 years,1,36000,0,2015/2/1,0,93,8,12.97,1,730,734,10,0,0,3764,9.4,11,0,0,Aug-06,0,1,0,1,1,1,6,7,2,8,9,1,10,0,0,0,2
800380,12700,3,13.11,428.59,B,B4,334921,3 years,1,48000,0,2012/9/1,5,99,8,3.63,0,695,699,5,0,0,5235,42.9,13,1,0,Nov-07,56,1,0,1,1,1,2,3,3,5,10,1,5,0,0,0,1
800381,22850,3,6.49,700.23,A,A2,435,10+ years,0,52000,0,2016/1/1,0,369,21,18.83,0,690,694,9,0,0,13019,37.4,33,0,0,Mar-90,0,1,0,5,6,6,5,8,13,7,17,6,9,0,0,0,1
800382,17225,5,25.8,513.69,G,G1,385,7 years,1,51000,0,2015/4/1,5,422,30,20.33,0,760,764,15,0,0,8517,24.3,36,0,0,Nov-76,6,1,0,3,5,5,4,11,10,9,25,5,15,0,0,0,4
800383,17050,3,14.3,585.22,C,C1,4368,6 years,1,38000,0,2013/12/1,0,143,8,18.7,0,660,664,15,0,0,17483,54.6,19,1,0,Apr-07,0,1,0,4,9,9,6,7,2,15,17,9,15,0,0,0,3
800384,25000,3,12.99,842.23,B,B5,210116,4 years,0,85000,1,2014/2/1,0,0,0,33.87,0,680,684,19,0,0,30527,68.6,48,0,0,Sep-99,0,1,0,8,12,12,8,10,30,12,16,12,19,0,0,0,1
800385,35000,3,21.67,1330.7,E,E5,5292,10+ years,0,122000,1,2015/4/1,2,108,21,13.75,0,675,679,15,0,0,3518,22.3,47,0,0,Nov-97,5,1,0,5,6,6,7,16,6,12,38,6,15,0,0,0,4
800386,6600,3,15.31,229.8,C,C2,222960,8 years,1,55000,0,2013/2/1,0,76,26,15.19,0,680,684,9,0,0,5558,67,14,1,0,Sep-02,46957,1,0,4,7,7,4,4,5,7,8,7,9,0,0,0,3
800387,35000,5,9.44,734.04,B,B1,5106,5 years,2,150000,1,2017/8/1,4,201,2,17.07,0,705,709,12,0,0,136998,94.7,28,0,0,Nov-96,4,1,0,3,6,6,3,8,8,7,15,6,12,0,0,0,1
800388,16650,3,14.16,570.36,C,C2,666,5 years,2,52000,0,2014/3/1,0,512,21,10.07,1,660,664,7,0,0,15492,63.5,8,1,0,Aug-99,0,1,0,6,6,6,6,7,0,7,8,6,7,0,0,0,1
800389,12000,3,18.25,435.34,D,D3,1562,3 years,1,64800,2,2016/4/1,0,495,14,6.81,0,680,684,5,0,0,7041,58.2,9,1,0,Aug-04,0,1,0,3,5,5,3,5,1,5,8,5,5,0,0,0,1
800390,5500,3,7.07,170.01,A,A2,121426,8 years,0,90000,1,2017/7/1,4,49,12,14.12,0,755,759,16,0,0,15893,30.4,39,0,0,Sep-05,4,1,0,1,6,6,1,4,23,8,15,6,16,0,0,0,2
800391,30000,3,12.99,1010.68,C,C2,171276,10+ years,0,140000,2,2014/12/1,0,62,13,13.24,1,665,669,11,0,0,47538,77.7,24,1,0,Jan-02,0,1,0,5,8,8,5,10,4,9,18,8,11,0,0,0,2
800392,35000,3,18.25,1269.73,D,D3,345043,4 years,1,95000,2,2012/5/1,12,74,30,17.92,0,695,699,15,0,0,21916,58.9,20,1,0,Oct-01,58143,1,,,,,,,,,,,,,,,
800393,16000,3,16.29,564.81,D,D1,152880,9 years,1,45600,2,2016/3/1,0,35,14,24.13,0,705,709,10,0,0,13719,56.7,11,1,0,Dec-94,0,1,1,5,5,5,6,6,1,8,8,5,10,0,0,0,2
800394,4800,3,17.86,173.2,D,D5,55180,2 years,1,54000,1,2015/8/1,0,273,8,16.73,0,675,679,13,0,0,12200,68,16,0,0,Aug-97,0,1,0,8,11,11,8,8,4,11,11,11,13,,0,0,9
800395,35000,5,11.99,778.38,C,C1,160562,10+ years,0,74000,1,2016/1/1,4,80,21,12.1,3,740,744,13,0,0,13705,14.8,33,0,0,Sep-00,4,1,0,5,6,6,7,15,5,10,24,6,13,0,0,0,0
800396,18000,5,15.61,434.01,D,D1,59511,10+ years,0,70000,1,2015/8/1,0,326,17,12.12,0,660,664,10,0,0,11396,69.5,17,0,0,Jan-03,0,1,0,3,6,6,3,4,6,7,8,6,10,0,0,0,0
800397,24950,3,12.74,837.55,C,C1,5790,10+ years,0,140000,1,2016/11/1,4,27,12,9.72,0,685,689,10,0,0,12758,50.8,28,0,0,Jan-88,4,1,2,3,3,3,4,9,7,7,15,3,10,0,0,0,2
800398,28900,5,14.33,677.41,C,C2,287209,2 years,0,85000,1,2013/7/1,0,48,10,27.19,0,730,734,8,0,0,36018,79,23,0,0,Aug-99,38,1,0,3,5,5,3,6,7,5,12,5,8,0,0,0,1
800399,35000,5,10.99,760.82,B,B3,178258,4 years,0,300000,1,2014/10/1,4,185,3,7.72,0,750,754,13,0,0,50073,23.7,31,0,0,Oct-90,4,1,0,7,8,8,9,19,4,11,24,8,13,0,0,0,0
800400,16000,5,15.1,381.48,C,C2,16415,10+ years,1,55100,2,2013/12/1,0,291,23,9.69,0,710,714,15,0,0,13266,38,44,1,0,Nov-94,9947,1,2,2,3,3,6,12,17,13,25,3,15,0,0,0,1
800401,12000,3,9.99,387.15,B,B3,26857,10+ years,0,70000,1,2015/2/1,4,722,3,29.42,0,675,679,8,0,0,10964,77.2,19,1,0,Nov-90,4,1,0,4,4,4,5,8,7,5,8,4,8,0,0,0,3
800402,17000,3,10.16,549.83,B,B1,221684,10+ years,0,118000,1,2013/6/1,2,89,3,13.7,1,710,714,17,0,0,21198,42.8,37,1,0,Jun-97,94,1,0,4,9,9,7,18,4,15,31,9,17,0,0,0,2
800403,10000,3,12.85,336.22,B,B4,1896,4 years,1,30000,2,2014/1/1,4,305,15,21.84,0,690,694,10,1,0,8411,74.4,25,0,0,Sep-99,1510,1,0,4,5,5,5,11,9,7,16,5,10,0,0,0,2
800404,10000,3,12.74,335.69,C,C1,252352,10+ years,1,55000,0,2017/2/1,4,292,17,18.31,0,720,724,9,0,0,9321,48,21,0,0,Aug-02,4,1,0,2,2,2,3,4,11,7,10,2,9,0,0,0,1
800405,21000,5,22.74,588.87,E,E1,215142,4 years,0,105000,1,2017/2/1,2,231,43,25.45,0,665,669,13,0,0,14615,51,32,0,0,Mar-93,5,1,0,5,8,8,5,5,19,8,8,5,12,,0,0,5
800406,6000,3,7.89,187.72,A,A5,78418,2 years,2,25000,0,2015/5/1,4,622,7,4.75,0,670,674,5,0,0,3227,62.1,6,0,0,Jan-96,4,1,0,2,2,2,4,5,0,5,6,2,5,0,0,0,0
800407,11325,5,17.86,286.72,D,D5,109169,7 years,1,39500,1,2015/1/1,0,4,3,21.45,0,670,674,6,0,0,9804,71.6,16,1,0,Sep-02,0,1,1,3,5,5,3,4,6,5,10,5,6,0,0,0,1
800408,6500,3,12.69,218.05,C,C2,37061,7 years,0,32750,1,2015/10/1,0,608,0,16.27,1,670,674,18,0,0,6264,44.1,18,0,0,Apr-04,0,1,0,5,12,12,5,5,1,17,17,12,18,0,0,0,1
800409,24000,5,16.55,590.68,D,D2,161,2 years,0,85000,1,2015/10/1,4,116,14,28.35,0,660,664,18,0,0,24349,77.8,26,0,0,Dec-00,4,1,0,7,9,9,7,9,10,12,14,9,18,0,0,0,4
800410,6000,3,7.26,185.98,A,A4,328,10+ years,0,109000,1,2015/8/1,2,54,28,16.19,0,680,684,16,0,0,28376,77.1,31,1,0,Jul-94,5,1,0,6,11,11,8,11,8,13,16,11,16,0,0,0,0
800411,3500,3,7.35,108.64,A,A4,62,3 years,0,175000,0,2017/11/1,9,63,14,15.51,0,775,779,10,0,0,2595,8.9,19,1,0,May-08,10,1,0,0,2,2,1,2,8,6,7,3,10,0,0,0,4
800412,4500,3,9.71,144.6,B,B1,267908,5 years,2,16982,0,2013/9/1,0,161,14,24.31,0,725,729,9,0,0,10750,48.6,18,0,0,Mar-99,33115,1,0,3,5,5,5,8,3,9,14,5,9,0,0,0,0
800413,20000,5,19.47,524,D,D5,207859,5 years,1,58128,1,2014/3/1,3,57,9,16.25,0,700,704,12,0,0,24999,37.4,40,0,0,May-93,3,1,0,6,6,6,10,24,11,10,27,6,12,0,0,0,4
800414,10000,3,14.49,344.17,C,C4,18557,4 years,1,43000,1,2016/8/1,5,576,23,28.55,0,745,749,22,0,0,9283,40.7,50,0,0,Aug-00,6,1,0,2,2,2,2,3,32,8,16,2,22,0,0,0,3
800415,10000,3,9.67,321.13,B,B1,132,< 1 year,1,45000,0,2013/11/1,4,389,8,10.29,1,660,664,3,0,0,10092,77.6,11,1,0,Jul-02,166,1,1,1,1,1,1,6,1,2,10,1,3,0,0,1,0
800416,10000,3,8.39,315.17,B,B1,48,10+ years,1,125000,1,2016/5/1,1,599,13,12.67,12,665,669,5,2,0,27393,80.8,37,0,0,Jul-93,1,1,12,2,2,2,2,20,7,3,29,2,5,0,0,12,0
800417,18000,3,10.99,589.22,B,B4,25631,3 years,1,75000,2,2016/7/1,4,60,30,6.12,0,680,684,3,0,0,13690,91.9,4,0,0,Jun-12,4,1,0,3,3,3,3,3,1,3,3,3,3,0,0,0,0
800418,30000,3,8.99,953.86,B,B1,359968,< 1 year,0,100000,2,2016/7/1,0,157,8,15.53,0,700,704,13,0,0,42710,70.8,21,1,0,Jul-92,0,1,0,6,8,8,6,9,6,10,13,8,13,0,0,0,1
800419,6400,3,12.49,214.08,B,B5,529,6 years,1,35000,1,2014/10/1,0,171,8,19.2,0,660,664,11,0,0,4353,39.2,29,0,0,Nov-77,0,1,3,2,5,5,2,9,5,8,24,5,11,0,0,0,2
800420,13000,5,18.99,337.16,D,D3,4228,10+ years,0,105000,2,2016/11/1,2,124,13,23.26,1,665,669,12,1,0,11024,69,29,0,0,Oct-85,5,1,1,6,6,6,5,9,12,6,13,4,12,,0,0,5
800421,4800,3,15.59,167.79,C,C5,10702,9 years,0,71000,2,2016/10/1,8,340,14,15.57,1,685,689,14,0,0,9447,58.7,18,0,0,Sep-00,9,1,0,4,6,6,5,7,3,11,14,6,14,0,0,0,4
800422,15000,3,11.48,494.5,B,B5,71,< 1 year,0,46000,2,2016/1/1,4,719,34,31.79,0,675,679,14,0,0,11327,39.7,27,0,0,Apr-97,4,1,0,4,7,7,4,4,19,8,8,7,14,0,0,0,2
800423,6000,3,11.49,197.83,B,B5,54,,1,36000,2,2015/12/1,0,342,21,17.57,0,660,664,5,1,1,4092,34.1,22,0,0,May-95,0,1,0,1,3,3,1,6,5,4,12,3,5,0,0,0,2
800424,30000,3,9.16,956.23,B,B2,11,10+ years,0,146000,2,2016/2/1,4,14,11,32.23,0,685,689,14,0,0,229111,96,29,0,0,Apr-96,4,1,0,6,12,12,14,14,4,12,23,9,14,,0,0,1
800425,21600,3,8.9,685.87,A,A5,285364,10+ years,0,59086,2,2013/7/1,0,337,14,13.51,0,690,694,12,0,0,4715,19.8,25,1,0,Jun-97,37112,1,2,2,4,4,3,7,2,10,20,4,12,0,0,0,2
800426,3725,3,10.49,121.06,B,B2,773,10+ years,0,41000,0,2016/12/1,0,135,33,21.43,0,690,694,19,0,0,8809,21.8,29,0,0,Aug-99,0,1,1,5,8,8,5,7,9,15,19,8,19,0,0,0,4
800427,20000,3,13.18,675.62,C,C3,1825,< 1 year,0,65000,2,2015/11/1,2,363,43,12.2,0,675,679,13,1,1,5286,49.9,18,0,0,Jun-93,5,1,0,6,8,8,6,8,3,11,14,8,13,0,0,0,9
800428,6000,3,16.77,213.24,D,D2,220129,< 1 year,0,42000,1,2011/12/1,0,166,8,6.83,0,670,674,4,0,0,7788,93.8,8,1,0,Mar-96,2673,1,,,,,,,,,,,,,,,
800429,22000,3,11.49,725.37,B,B5,106,4 years,2,82000,2,2016/8/1,0,277,8,11.43,1,670,674,12,0,0,14854,61.9,27,0,0,Aug-01,0,1,1,3,4,4,5,7,11,9,14,4,12,0,0,0,2
800430,24000,5,22.39,668.19,E,E1,50529,10+ years,0,95000,2,2016/7/1,0,673,40,17.17,1,670,674,10,0,0,14401,68.9,31,0,0,Nov-03,0,1,0,4,6,6,4,7,12,7,16,6,10,0,0,0,2
800431,8625,3,12.69,289.33,C,C2,54,,1,26820,0,2015/7/1,0,109,21,30.02,0,665,669,5,1,1,2212,56.7,21,0,0,Dec-03,0,1,0,1,2,2,1,5,6,3,13,2,5,0,0,0,0
800432,3000,3,12.29,100.06,C,C1,89101,4 years,1,38000,1,2015/4/1,0,167,8,14.75,0,665,669,7,1,1,3111,20.5,21,1,0,Dec-93,0,1,2,3,3,3,3,9,5,4,14,3,7,0,0,0,4
800433,24000,3,7.89,750.86,A,A5,1083,10+ years,1,60000,2,2015/5/1,0,54,28,25.04,0,705,709,16,0,0,17885,52,43,1,0,Jul-89,0,1,5,5,10,10,6,18,8,14,34,10,16,0,0,0,1
800434,6000,3,9.75,192.9,B,B3,3,9 years,2,42000,1,2016/3/1,0,484,21,25.26,0,665,669,8,0,0,9507,45.1,23,0,0,Jan-02,0,1,0,1,4,4,1,3,11,6,9,4,8,0,0,0,0
800435,5000,3,13.98,170.84,C,C3,9829,< 1 year,0,36000,1,2014/10/1,1,89,3,18.6,0,690,694,7,0,0,13671,44.4,23,1,0,Jun-03,1,1,1,4,7,7,4,11,2,7,18,7,6,0,0,0,2
800436,6800,3,11.47,224.14,B,B5,129985,10+ years,1,39000,1,2016/5/1,0,275,8,27.82,0,690,694,6,0,0,16204,62.6,10,0,0,Mar-04,0,1,0,3,4,4,3,4,3,4,7,4,6,0,0,0,3
800437,10000,3,9.93,322.35,B,B2,368364,< 1 year,0,70000,1,2017/10/1,5,32,21,8.64,2,740,744,17,0,0,2118,7,27,1,1,Feb-86,6,1,0,3,4,4,7,13,2,14,23,4,17,0,0,0,5
800438,6000,3,14.46,206.41,C,C4,69283,1 year,2,21000,1,2016/2/1,5,831,24,19.37,0,700,704,4,0,0,3328,50.4,5,0,0,Jan-11,6,1,0,2,3,3,2,2,2,3,3,3,4,0,0,0,2
800439,11200,5,16.99,278.29,D,D3,18566,5 years,0,51000,1,2015/10/1,4,718,19,34.33,0,680,684,11,0,0,10288,46.8,33,1,0,Sep-00,4,1,0,4,4,4,5,9,20,6,12,4,11,0,0,0,6
800440,3000,3,10.99,98.21,B,B4,1550,8 years,1,60000,0,2015/5/1,4,139,8,11.18,0,665,669,8,0,0,4877,58.8,10,1,0,Jul-11,4,1,0,5,7,7,5,6,2,7,8,7,8,0,0,0,2
800441,25000,3,14.99,866.52,C,C4,48,10+ years,0,66085,1,2016/11/1,4,245,26,8.28,0,685,689,14,0,0,11175,68.1,24,1,0,Aug-88,4,1,0,9,10,10,9,13,2,13,19,10,14,0,0,0,4
800442,8000,3,8.39,252.14,A,A5,181968,5 years,2,40000,1,2014/10/1,0,89,3,20.58,0,710,714,11,6,0,3863,20.1,23,1,0,Apr-98,0,1,0,2,4,4,5,7,7,9,16,4,11,0,0,0,2
800443,4800,3,10.99,157.13,B,B3,6050,3 years,0,93221,0,2014/7/1,0,238,22,9.09,0,700,704,10,0,0,3871,32,15,0,0,Mar-93,0,1,1,5,7,7,5,6,4,7,8,7,10,0,0,0,2
800444,17500,3,16.99,623.84,D,D1,161,< 1 year,1,77000,2,2016/9/1,0,763,11,7.84,0,710,714,8,0,0,10612,47,29,1,0,Apr-99,0,1,0,1,3,3,1,5,6,7,22,3,8,0,0,0,1
800445,15000,3,11.99,498.15,B,B5,1914,10+ years,0,61000,0,2015/1/1,0,233,19,8.56,0,690,694,7,0,0,6452,67.9,15,1,0,Jan-02,0,1,1,3,3,3,3,6,5,4,7,3,7,0,0,0,1
800446,5000,3,12.99,168.45,C,C2,4234,5 years,2,49400,0,2016/3/1,5,63,14,18.27,1,690,694,5,0,0,1093,19.9,7,0,0,Sep-10,6,1,0,2,2,2,2,2,4,3,3,2,5,0,0,0,2
800447,7200,3,17.27,257.67,C,C5,54,,0,47000,2,2013/3/1,0,161,14,25.02,0,660,664,12,0,0,6726,79.1,20,0,0,Dec-96,0,1,1,5,8,8,5,7,4,9,13,8,12,0,0,0,3
800448,4000,3,7.39,124.23,A,A4,130298,< 1 year,0,52000,1,2016/5/1,0,172,13,20.84,1,690,694,8,0,0,5741,67.5,41,0,0,Dec-99,0,1,0,3,3,3,3,11,22,4,18,3,8,0,0,0,0
800449,10000,3,11.99,332.1,B,B5,113052,1 year,0,60000,2,2018/1/1,0,650,41,14.56,1,670,674,13,0,0,23575,69.3,24,0,0,Nov-02,0,1,1,6,7,7,10,10,4,12,17,7,13,0,0,1,0
800450,10475,3,16.99,373.42,D,D3,346,2 years,1,113000,1,2015/12/1,4,103,36,11.1,1,660,664,11,1,1,29414,88,36,1,0,Feb-99,4,1,0,3,9,9,8,8,3,9,28,5,9,,0,1,9
800451,20000,3,13.35,677.26,C,C2,6314,10+ years,0,76000,2,2014/6/1,2,62,13,16.23,1,660,664,16,0,0,17345,46.6,27,1,0,Jun-99,5,1,0,8,12,12,9,15,3,14,23,12,16,0,0,0,0
800452,18000,3,12.12,598.89,B,B3,286280,10+ years,0,85000,0,2013/5/1,0,108,21,14.44,0,660,664,13,0,0,9359,41.2,26,1,0,Jul-00,39052,1,0,4,4,4,7,14,5,9,17,4,13,0,0,0,4
800453,10000,3,11.99,332.1,B,B3,2783,1 year,2,40000,1,2014/3/1,4,626,22,30.03,0,730,734,9,0,0,5135,28.7,32,1,0,Jul-98,4,1,0,1,3,3,2,8,17,6,14,3,9,0,0,0,3
800454,14000,3,8.39,441.24,B,B1,160330,< 1 year,1,38400,1,2016/2/1,4,408,14,22.03,0,675,679,14,0,0,18214,76.9,19,0,0,Mar-07,2,1,0,3,3,3,4,4,13,6,6,3,14,0,0,0,1
800455,9725,3,12.99,327.63,C,C1,86054,2 years,1,35000,0,2014/7/1,0,56,8,23.01,1,675,679,14,0,0,8852,60.2,35,0,0,Apr-96,0,1,1,3,8,8,3,8,15,9,16,8,14,0,0,0,1
800456,12000,3,11.39,395.09,B,B3,146794,5 years,0,55000,2,2017/4/1,0,818,43,28.65,0,660,664,6,0,0,4795,97.9,18,0,0,Sep-06,0,1,0,1,1,1,1,2,13,1,3,1,6,0,0,0,1
800457,3075,3,15.61,107.52,D,D1,603,3 years,0,60000,0,2015/4/1,5,401,24,28.19,0,665,669,19,0,0,13868,63.6,40,1,0,Feb-02,6,1,5,8,15,15,8,13,19,16,21,15,19,0,0,0,4
800458,24000,5,8.9,497.04,A,A5,312258,9 years,0,148000,2,2013/3/1,0,62,13,28.38,0,720,724,17,0,0,209639,69,30,1,0,Mar-88,11509,1,0,6,7,7,8,12,4,12,20,7,17,0,0,0,0
800459,4350,3,12.99,146.55,C,C2,38,10+ years,1,37000,0,2015/1/1,0,209,21,21.18,0,660,664,8,0,0,1975,21,18,1,0,Jan-99,0,1,3,2,4,4,3,7,8,6,10,4,8,0,0,0,2
800460,35000,5,15.61,843.9,D,D1,14024,10+ years,0,150000,1,2015/5/1,0,539,42,30.5,1,660,664,31,1,0,42300,68.6,78,0,0,Mar-84,0,1,3,9,16,16,13,17,33,24,40,16,31,0,0,0,4
800461,25650,5,26.14,770.11,F,F4,948,1 year,0,57000,2,2016/6/1,0,684,34,24.34,0,685,689,17,0,0,41746,58,32,1,0,Sep-03,2,1,0,7,15,15,12,12,2,15,27,11,17,,0,0,5
800462,24000,3,9.17,765.1,B,B2,46789,10+ years,0,65000,0,2015/9/1,0,131,6,24.04,1,715,719,37,0,0,28595,22.9,79,1,0,Sep-92,0,1,1,10,18,18,13,27,21,30,53,18,37,0,0,0,4
800463,10000,3,6.62,307.04,A,A2,54,3 years,1,74000,1,2011/9/1,4,277,8,17.11,0,745,749,10,0,0,15046,39.9,18,1,0,Dec-90,26,1,,,,,,,,,,,,,,,
800464,7000,3,11.67,231.4,B,B4,184,6 years,0,80000,1,2014/6/1,4,619,11,21.63,0,690,694,25,3,0,18910,40.1,41,0,0,Aug-99,4,1,5,5,13,13,6,12,16,14,23,13,25,0,0,0,4
800465,13200,5,10.37,282.88,B,B3,233525,2 years,0,41500,1,2011/2/1,12,91,7,8.82,0,740,744,6,0,0,8177,43.7,13,1,0,Jan-99,372,1,,,,,,,,,,,,,,,
800466,15000,3,14.46,516.03,C,C4,5220,10+ years,2,47000,2,2016/6/1,0,176,3,45.43,0,700,704,11,0,0,18489,70.3,20,0,0,Jun-01,2,1,0,5,5,5,6,9,10,7,10,5,11,0,0,0,0
800467,28000,3,6.99,864.44,A,A3,695,< 1 year,2,170000,1,2014/12/1,4,41,25,11.38,1,715,719,9,0,0,29769,20.2,33,0,0,Oct-91,4,1,0,1,4,4,1,15,5,6,24,4,8,0,0,0,1
800468,12000,3,14.08,410.6,C,C3,4518,10+ years,1,118500,1,2017/12/1,0,171,8,13.25,0,675,679,9,0,0,13738,71.9,18,1,0,Jul-06,0,1,2,5,5,5,5,5,9,6,7,5,9,0,0,0,2
800469,20000,5,26.31,602.49,E,E4,1934,2 years,0,43160,2,2018/7/1,0,151,4,12.63,2,660,664,4,0,0,13652,92.9,11,0,0,Nov-94,0,1,1,1,2,2,1,4,3,2,6,2,4,0,0,0,1
800470,21000,3,12.42,701.73,B,B4,219486,10+ years,1,49200,2,2012/1/1,1,56,8,8.54,0,705,709,5,0,0,6867,80.8,15,1,0,Mar-98,2091,1,,,,,,,,,,,,,,,
800471,4000,3,16.55,141.72,D,D2,4498,5 years,1,14000,2,2015/5/1,3,493,42,30.36,0,725,729,6,0,0,2426,22.3,10,0,0,Apr-09,3,1,0,1,2,2,1,2,3,5,7,2,6,0,0,0,2
800472,6000,3,13.11,202.49,B,B4,340417,2 years,1,73992,2,2012/7/1,1,116,14,22.36,0,690,694,10,0,0,25476,74.7,19,1,0,Aug-99,56273,1,,,,,5,,,,,,10,,,,
800473,12000,3,6.68,368.78,A,A3,96729,10+ years,2,78000,1,2015/3/1,4,242,8,9.06,0,670,674,9,1,1,10840,42,25,1,0,Jul-98,4,1,1,1,2,2,2,6,13,6,11,2,9,0,0,0,0
800474,29050,5,16.99,721.82,D,D3,18717,7 years,1,72000,1,2014/5/1,4,35,14,29.15,0,710,714,9,0,0,33530,67.1,23,0,0,Oct-93,4,1,0,5,6,6,5,11,5,6,14,6,9,0,0,0,3
800475,6700,3,14.09,229.29,B,B5,299740,3 years,0,50000,2,2013/5/1,0,156,18,11.69,0,660,664,8,1,0,21050,91.5,12,1,0,Dec-01,38,1,0,5,5,5,6,9,1,7,10,5,8,0,0,0,2
800476,15000,3,12.69,503.18,C,C2,32,3 years,1,62400,0,2015/2/1,4,429,8,10.54,0,680,684,11,0,0,18502,50.4,17,1,0,Jul-08,4,1,0,3,6,6,4,5,5,10,12,6,11,0,0,0,2
800477,6000,3,12.99,202.14,C,C2,54,,1,23200,2,2016/4/1,0,144,5,29.54,0,660,664,6,0,0,7899,89,15,0,0,Jan-05,0,1,0,3,4,4,4,4,8,4,5,4,6,,0,0,1
800478,35000,5,22.47,976.04,E,E5,294359,9 years,0,100000,2,2013/6/1,4,367,45,15.94,0,680,684,12,0,0,15251,79.8,28,1,0,Oct-98,840,1,0,3,4,4,4,4,17,6,7,4,12,0,0,0,2
800479,8000,3,13.98,273.35,C,C1,72,10+ years,0,36000,2,2013/12/1,0,4,3,13.97,0,680,684,6,0,0,4343,77.6,14,1,0,May-95,0,1,0,3,4,4,3,5,2,4,7,4,6,0,0,0,1
800480,10500,3,10.99,343.71,B,B4,45715,7 years,1,46662,0,2016/7/1,0,276,20,27.83,1,750,754,9,0,0,2045,18.1,12,0,0,Nov-93,0,1,0,2,3,3,3,4,5,5,6,3,9,0,0,0,3
800481,20250,3,13.53,687.49,B,B5,143,5 years,0,60000,2,2014/1/1,0,76,26,20.36,0,685,689,11,0,0,22605,77.9,25,1,0,Oct-04,191,1,0,6,7,7,6,8,6,9,13,7,11,0,0,0,0
800482,20000,5,15.61,482.23,C,C4,85426,10+ years,0,46000,1,2013/12/1,0,622,7,22.57,0,665,669,12,1,1,25723,76.3,25,1,0,Jan-02,335,1,0,8,10,10,8,13,5,10,16,10,12,0,0,0,0
800483,10000,3,12.29,333.53,C,C1,82,2 years,0,65000,1,2015/5/1,0,418,45,26.37,0,700,704,23,0,0,7514,43.4,27,1,0,Oct-90,0,1,0,2,2,2,2,2,15,6,10,2,23,0,0,0,4
800484,5025,3,22.15,192.3,E,E5,194830,10+ years,0,71000,2,2014/6/1,10,480,8,34.35,0,685,689,10,0,0,17574,84.9,30,0,0,Aug-93,11,1,0,2,5,5,2,3,15,5,9,5,10,0,0,0,2
800485,6000,3,7.89,187.72,A,A5,54,,2,50000,1,2015/10/1,0,357,0,21.63,0,695,699,12,0,0,17063,67.7,24,0,0,Aug-95,0,1,3,4,7,7,4,6,9,8,10,7,12,0,0,0,3
800486,5000,3,12.99,168.45,C,C2,155650,3 years,1,50000,1,2016/3/1,8,81,15,13.71,0,710,714,6,0,0,3507,40.8,6,0,0,Oct-12,9,1,0,2,4,4,2,2,2,4,4,4,6,0,0,0,1
800487,5000,3,18.06,180.92,D,D2,3051,1 year,1,37440,1,2017/8/1,9,498,32,19.9,0,675,679,7,0,0,6507,68.5,18,0,0,Oct-04,10,1,0,3,3,3,3,5,12,4,6,4,7,0,0,0,4
800488,11500,5,25.89,343.57,G,G3,153,< 1 year,0,75000,1,2015/4/1,1,58,17,11.6,0,680,684,8,0,0,3819,37.4,12,0,0,Aug-10,1,1,0,1,4,4,1,1,4,5,6,4,8,0,0,0,3
800489,12000,3,12.29,400.24,C,C1,1460,10+ years,2,100000,0,2015/6/1,2,113,22,10.46,0,680,684,9,1,1,6635,53.1,34,1,0,Apr-74,5,1,0,3,3,3,4,20,4,6,25,3,9,0,0,0,3
800490,19200,5,15.61,462.94,C,C5,1967,1 year,0,54000,1,2014/3/1,4,53,19,19.09,2,680,684,11,1,1,12108,67.3,18,0,0,Oct-01,4,1,0,2,6,6,2,6,5,8,13,6,11,0,0,0,0
800491,6700,3,8.18,210.52,B,B1,427,10+ years,2,45000,0,2015/7/1,0,740,20,24.69,0,750,754,8,0,0,17846,33.4,18,1,0,Dec-93,0,1,0,4,5,5,4,7,2,7,16,5,8,0,0,0,2
800492,7800,3,5.32,234.9,A,A1,87,8 years,0,73000,0,2017/3/1,4,0,0,13.4,0,705,709,14,0,0,18507,33.3,24,0,0,Jun-03,4,1,0,5,8,8,7,9,4,12,18,8,14,0,0,0,1
800493,17500,5,15.05,416.79,C,C4,54,,1,37558,0,2017/12/1,0,646,8,12.62,0,720,724,8,0,0,10875,30.5,9,0,0,Jul-03,0,1,0,4,7,7,4,4,1,8,8,7,8,0,0,0,1
800494,20400,5,20.99,551.78,E,E5,45628,10+ years,0,70000,2,2015/9/1,0,588,4,23.52,1,665,669,17,1,0,6511,39.7,35,0,0,Nov-00,0,1,1,5,9,9,6,6,16,13,18,9,17,0,0,0,14
800495,5000,3,5.42,150.8,A,A1,230085,3 years,0,60000,1,2011/5/1,9,48,10,3.16,0,790,794,7,0,0,6174,18.9,26,1,0,Apr-96,290,1,,,,,,,,,,,,,,,
800496,16000,3,6.89,493.23,A,A3,28111,10+ years,1,65000,0,2015/11/1,4,602,48,8.73,0,710,714,5,0,0,23564,48.6,12,1,0,Dec-00,4,1,0,3,4,4,4,6,1,5,7,4,5,0,0,0,1
800497,12000,5,18.55,308.33,E,E2,61482,9 years,1,35000,1,2015/7/1,0,140,8,16.53,0,705,709,21,0,0,8663,23.7,42,1,0,Oct-99,0,1,0,3,6,6,5,10,1,20,41,6,21,0,0,0,7
800498,5400,3,13.35,182.86,C,C2,191397,< 1 year,1,31200,1,2014/7/1,0,498,32,19.58,0,665,669,9,1,0,2068,82.7,11,0,0,Jun-93,0,1,0,1,3,3,1,1,8,3,3,3,9,0,0,0,3
